colour	x	y	key	group
#FF0000	0.203616216026595	1	1e+01  0.05 1	1
#FF0000	0.205025125628141	0.999329043988919	1e+01  0.05 1	1
#FF0000	0.213065326633166	0.995360351939665	1e+01  0.05 1	1
#FF0000	0.220684395450769	0.991457286432161	1e+01  0.05 1	1
#FF0000	0.221105527638191	0.991237381803515	1e+01  0.05 1	1
#FF0000	0.229145728643216	0.986896804155781	1e+01  0.05 1	1
#FF0000	0.236268335949048	0.982914572864322	1e+01  0.05 1	1
#FF0000	0.237185929648241	0.982391305075708	1e+01  0.05 1	1
#FF0000	0.245226130653266	0.977659023603617	1e+01  0.05 1	1
#FF0000	0.250631882107031	0.974371859296483	1e+01  0.05 1	1
#FF0000	0.253266331658292	0.972736831341693	1e+01  0.05 1	1
#FF0000	0.261306532663317	0.9675912882794	1e+01  0.05 1	1
#FF0000	0.263978884623986	0.965829145728643	1e+01  0.05 1	1
#FF0000	0.269346733668342	0.962214115909952	1e+01  0.05 1	1
#FF0000	0.276447165855644	0.957286432160804	1e+01  0.05 1	1
#FF0000	0.277386934673367	0.956619921522324	1e+01  0.05 1	1
#FF0000	0.285427135678392	0.950756723329958	1e+01  0.05 1	1
#FF0000	0.288111534159168	0.948743718592965	1e+01  0.05 1	1
#FF0000	0.293467336683417	0.944636320962081	1e+01  0.05 1	1
#FF0000	0.299093782398048	0.940201005025126	1e+01  0.05 1	1
#FF0000	0.301507537688442	0.93825379059357	1e+01  0.05 1	1
#FF0000	0.309467858603809	0.931658291457287	1e+01  0.05 1	1
#FF0000	0.309547738693467	0.931590514328528	1e+01  0.05 1	1
#FF0000	0.317587939698493	0.924595400377329	1e+01  0.05 1	1
#FF0000	0.319246409234178	0.923115577889447	1e+01  0.05 1	1
#FF0000	0.325628140703518	0.917279467260372	1e+01  0.05 1	1
#FF0000	0.328515879291748	0.914572864321608	1e+01  0.05 1	1
#FF0000	0.333668341708543	0.909619629254922	1e+01  0.05 1	1
#FF0000	0.337313975557103	0.906030150753769	1e+01  0.05 1	1
#FF0000	0.341708542713568	0.901588739157755	1e+01  0.05 1	1
#FF0000	0.34567331764274	0.89748743718593	1e+01  0.05 1	1
#FF0000	0.349748743718593	0.893156540928989	1e+01  0.05 1	1
#FF0000	0.353623474971048	0.888944723618091	1e+01  0.05 1	1
#FF0000	0.357788944723618	0.884289232667704	1e+01  0.05 1	1
#FF0000	0.361191300703901	0.880402010050251	1e+01  0.05 1	1
#FF0000	0.365829145728643	0.874948953831697	1e+01  0.05 1	1
#FF0000	0.368401222803048	0.871859296482412	1e+01  0.05 1	1
#FF0000	0.373869346733668	0.865093180907789	1e+01  0.05 1	1
#FF0000	0.37527549851714	0.863316582914573	1e+01  0.05 1	1
#FF0000	0.381833211357814	0.854773869346734	1e+01  0.05 1	1
#FF0000	0.381909547738694	0.85467132790213	1e+01  0.05 1	1
#FF0000	0.388067147119232	0.846231155778895	1e+01  0.05 1	1
#FF0000	0.389949748743719	0.843565002834356	1e+01  0.05 1	1
#FF0000	0.394018436642412	0.837688442211055	1e+01  0.05 1	1
#FF0000	0.397989949748744	0.831754806921405	1e+01  0.05 1	1
#FF0000	0.399703127734427	0.829145728643216	1e+01  0.05 1	1
#FF0000	0.405122479563304	0.820603015075377	1e+01  0.05 1	1
#FF0000	0.406030150753769	0.819121149629352	1e+01  0.05 1	1
#FF0000	0.41027552368408	0.812060301507538	1e+01  0.05 1	1
#FF0000	0.414070351758794	0.805506565274211	1e+01  0.05 1	1
#FF0000	0.41520139831029	0.803517587939698	1e+01  0.05 1	1
#FF0000	0.419880482771179	0.794974874371859	1e+01  0.05 1	1
#FF0000	0.422110552763819	0.790738244224429	1e+01  0.05 1	1
#FF0000	0.424337819592798	0.78643216080402	1e+01  0.05 1	1
#FF0000	0.428578546519403	0.777889447236181	1e+01  0.05 1	1
#FF0000	0.430150753768844	0.774585658842771	1e+01  0.05 1	1
#FF0000	0.432601898617693	0.769346733668342	1e+01  0.05 1	1
#FF0000	0.436424715269068	0.760804020100503	1e+01  0.05 1	1
#FF0000	0.438190954773869	0.756671586035319	1e+01  0.05 1	1
#FF0000	0.440045210580597	0.752261306532663	1e+01  0.05 1	1
#FF0000	0.443468990752372	0.743718592964824	1e+01  0.05 1	1
#FF0000	0.446231155778895	0.736465876990399	1e+01  0.05 1	1
#FF0000	0.446714684224387	0.735175879396985	1e+01  0.05 1	1
#FF0000	0.449756856994325	0.726633165829146	1e+01  0.05 1	1
#FF0000	0.452632534614921	0.718090452261307	1e+01  0.05 1	1
#FF0000	0.45427135678392	0.712931110787921	1e+01  0.05 1	1
#FF0000	0.455329707686049	0.709547738693467	1e+01  0.05 1	1
#FF0000	0.457844800386103	0.701005025125628	1e+01  0.05 1	1
#FF0000	0.460199581611861	0.692462311557789	1e+01  0.05 1	1
#FF0000	0.462311557788945	0.684246140876067	1e+01  0.05 1	1
#FF0000	0.462394266904565	0.68391959798995	1e+01  0.05 1	1
#FF0000	0.46440747566898	0.675376884422111	1e+01  0.05 1	1
#FF0000	0.46626598709721	0.666834170854272	1e+01  0.05 1	1
#FF0000	0.467970903959141	0.658291457286432	1e+01  0.05 1	1
#FF0000	0.469523298145443	0.649748743718593	1e+01  0.05 1	1
#FF0000	0.47035175879397	0.644701469423675	1e+01  0.05 1	1
#FF0000	0.470917518575221	0.641206030150754	1e+01  0.05 1	1
#FF0000	0.472153399490736	0.632663316582915	1e+01  0.05 1	1
#FF0000	0.473241606241138	0.624120603015076	1e+01  0.05 1	1
#FF0000	0.474183063355504	0.615577889447236	1e+01  0.05 1	1
#FF0000	0.474978666163025	0.607035175879397	1e+01  0.05 1	1
#FF0000	0.475629280998244	0.598492462311558	1e+01  0.05 1	1
#FF0000	0.476135745410364	0.589949748743719	1e+01  0.05 1	1
#FF0000	0.476498868376603	0.58140703517588	1e+01  0.05 1	1
#FF0000	0.476719430519581	0.57286432160804	1e+01  0.05 1	1
#FF0000	0.476798184328688	0.564321608040201	1e+01  0.05 1	1
#FF0000	0.476735854385421	0.555778894472362	1e+01  0.05 1	1
#FF0000	0.476533137592639	0.547236180904523	1e+01  0.05 1	1
#FF0000	0.476190703407691	0.538693467336683	1e+01  0.05 1	1
#FF0000	0.475709194079379	0.530150753768844	1e+01  0.05 1	1
#FF0000	0.475089224888694	0.521608040201005	1e+01  0.05 1	1
#FF0000	0.474331384393285	0.513065326633166	1e+01  0.05 1	1
#FF0000	0.47343623467558	0.504522613065327	1e+01  0.05 1	1
#FF0000	0.472404311594523	0.495979899497488	1e+01  0.05 1	1
#FF0000	0.471236125040835	0.487437185929648	1e+01  0.05 1	1
#FF0000	0.47035175879397	0.481645534719168	1e+01  0.05 1	1
#FF0000	0.469927434477694	0.478894472361809	1e+01  0.05 1	1
#FF0000	0.468471992560182	0.47035175879397	1e+01  0.05 1	1
#FF0000	0.466880230207184	0.461809045226131	1e+01  0.05 1	1
#FF0000	0.465152570414419	0.453266331658291	1e+01  0.05 1	1
#FF0000	0.463289411014269	0.444723618090452	1e+01  0.05 1	1
#FF0000	0.462311557788945	0.440545165466509	1e+01  0.05 1	1
#FF0000	0.461279525534757	0.436180904522613	1e+01  0.05 1	1
#FF0000	0.459122299061192	0.427638190954774	1e+01  0.05 1	1
#FF0000	0.456829210500223	0.419095477386935	1e+01  0.05 1	1
#FF0000	0.45440057228951	0.410552763819096	1e+01  0.05 1	1
#FF0000	0.45427135678392	0.410122508929671	1e+01  0.05 1	1
#FF0000	0.451808658885367	0.402010050251256	1e+01  0.05 1	1
#FF0000	0.449078844996092	0.393467336683417	1e+01  0.05 1	1
#FF0000	0.446231155778895	0.384979151800675	1e+01  0.05 1	1
#FF0000	0.446212659083704	0.384924623115578	1e+01  0.05 1	1
#FF0000	0.443175707291619	0.376381909547739	1e+01  0.05 1	1
#FF0000	0.440001609676064	0.3678391959799	1e+01  0.05 1	1
#FF0000	0.438190954773869	0.363168575137209	1e+01  0.05 1	1
#FF0000	0.436672737808463	0.35929648241206	1e+01  0.05 1	1
#FF0000	0.433184084467035	0.350753768844221	1e+01  0.05 1	1
#FF0000	0.430150753768844	0.343609229060604	1e+01  0.05 1	1
#FF0000	0.429550190909616	0.342211055276382	1e+01  0.05 1	1
#FF0000	0.425740160007482	0.333668341708543	1e+01  0.05 1	1
#FF0000	0.422110552763819	0.325817365563163	1e+01  0.05 1	1
#FF0000	0.421786917688807	0.325125628140704	1e+01  0.05 1	1
#FF0000	0.417648280042461	0.316582914572864	1e+01  0.05 1	1
#FF0000	0.414070351758794	0.309440465253182	1e+01  0.05 1	1
#FF0000	0.413360281923624	0.308040201005025	1e+01  0.05 1	1
#FF0000	0.40888538490619	0.299497487437186	1e+01  0.05 1	1
#FF0000	0.406030150753769	0.294214660103055	1e+01  0.05 1	1
#FF0000	0.404246070560064	0.290954773869347	1e+01  0.05 1	1
#FF0000	0.399426821455564	0.282412060301508	1e+01  0.05 1	1
#FF0000	0.397989949748744	0.279938762686042	1e+01  0.05 1	1
#FF0000	0.394418398263922	0.273869346733668	1e+01  0.05 1	1
#FF0000	0.389949748743719	0.266488615292805	1e+01  0.05 1	1
#FF0000	0.389236948894799	0.265326633165829	1e+01  0.05 1	1
#FF0000	0.383849605526712	0.25678391959799	1e+01  0.05 1	1
#FF0000	0.381909547738694	0.25378903498623	1e+01  0.05 1	1
#FF0000	0.378267172760567	0.248241206030151	1e+01  0.05 1	1
#FF0000	0.373869346733668	0.241715255419891	1e+01  0.05 1	1
#FF0000	0.372491490825228	0.239698492462312	1e+01  0.05 1	1
#FF0000	0.366505121206477	0.231155778894472	1e+01  0.05 1	1
#FF0000	0.365829145728643	0.230214635443955	1e+01  0.05 1	1
#FF0000	0.360292164513399	0.222613065326633	1e+01  0.05 1	1
#FF0000	0.357788944723618	0.21925804980603	1e+01  0.05 1	1
#FF0000	0.353862436081787	0.214070351758794	1e+01  0.05 1	1
#FF0000	0.349748743718593	0.208761057757521	1e+01  0.05 1	1
#FF0000	0.347206482193427	0.205527638190955	1e+01  0.05 1	1
#FF0000	0.341708542713568	0.198692618608431	1e+01  0.05 1	1
#FF0000	0.340314191697409	0.196984924623116	1e+01  0.05 1	1
#FF0000	0.333668341708543	0.189024470330746	1e+01  0.05 1	1
#FF0000	0.333174744274891	0.188442211055276	1e+01  0.05 1	1
#FF0000	0.325774288692625	0.179899497487437	1e+01  0.05 1	1
#FF0000	0.325628140703518	0.179734314146421	1e+01  0.05 1	1
#FF0000	0.318099114489865	0.171356783919598	1e+01  0.05 1	1
#FF0000	0.317587939698493	0.170799597968462	1e+01  0.05 1	1
#FF0000	0.310143753421045	0.162814070351759	1e+01  0.05 1	1
#FF0000	0.309547738693467	0.16218743591711	1e+01  0.05 1	1
#FF0000	0.301894435291489	0.15427135678392	1e+01  0.05 1	1
#FF0000	0.301507537688442	0.15387894828493	1e+01  0.05 1	1
#FF0000	0.293467336683417	0.14585921748113	1e+01  0.05 1	1
#FF0000	0.293334179489568	0.14572864321608	1e+01  0.05 1	1
#FF0000	0.285427135678392	0.138122017675371	1e+01  0.05 1	1
#FF0000	0.284436967117901	0.137185929648241	1e+01  0.05 1	1
#FF0000	0.277386934673367	0.13064436447792	1e+01  0.05 1	1
#FF0000	0.275191463972737	0.128643216080402	1e+01  0.05 1	1
#FF0000	0.269346733668342	0.12341213807721	1e+01  0.05 1	1
#FF0000	0.265578586203187	0.120100502512563	1e+01  0.05 1	1
#FF0000	0.261306532663317	0.116412316627499	1e+01  0.05 1	1
#FF0000	0.255577768559762	0.111557788944724	1e+01  0.05 1	1
#FF0000	0.253266331658292	0.109632878327541	1e+01  0.05 1	1
#FF0000	0.245226130653266	0.103063519172759	1e+01  0.05 1	1
#FF0000	0.245165678187473	0.103015075376884	1e+01  0.05 1	1
#FF0000	0.237185929648241	0.096728195964925	1e+01  0.05 1	1
#FF0000	0.234265023094076	0.0944723618090453	1e+01  0.05 1	1
#FF0000	0.229145728643216	0.090583764328576	1e+01  0.05 1	1
#FF0000	0.222892391132314	0.0859296482412061	1e+01  0.05 1	1
#FF0000	0.221105527638191	0.0846211382606685	1e+01  0.05 1	1
#FF0000	0.213065326633166	0.0788547322797345	1e+01  0.05 1	1
#FF0000	0.210974610000221	0.0773869346733669	1e+01  0.05 1	1
#FF0000	0.205025125628141	0.0732756447120996	1e+01  0.05 1	1
#FF0000	0.198470463750309	0.0688442211055277	1e+01  0.05 1	1
#FF0000	0.196984924623116	0.0678552955596691	1e+01  0.05 1	1
#FF0000	0.188944723618091	0.062621365235775	1e+01  0.05 1	1
#FF0000	0.185298233302733	0.0603015075376885	1e+01  0.05 1	1
#FF0000	0.180904522613065	0.0575481361588843	1e+01  0.05 1	1
#FF0000	0.17286432160804	0.0526269286560911	1e+01  0.05 1	1
#FF0000	0.171411294395745	0.0517587939698493	1e+01  0.05 1	1
#FF0000	0.164824120603015	0.0478807118300369	1e+01  0.05 1	1
#FF0000	0.15678391959799	0.0432631288465551	1e+01  0.05 1	1
#FF0000	0.15669988252952	0.0432160804020101	1e+01  0.05 1	1
#FF0000	0.148743718592965	0.0388253465339009	1e+01  0.05 1	1
#FF0000	0.141020804576029	0.0346733668341709	1e+01  0.05 1	1
#FF0000	0.14070351758794	0.0345051653094874	1e+01  0.05 1	1
#FF0000	0.132663316582915	0.0303562615106089	1e+01  0.05 1	1
#FF0000	0.12462311557789	0.0263205434505006	1e+01  0.05 1	1
#FF0000	0.124233815716091	0.0261306532663317	1e+01  0.05 1	1
#FF0000	0.116582914572864	0.0224494458624628	1e+01  0.05 1	1
#FF0000	0.108542713567839	0.0186928672949297	1e+01  0.05 1	1
#FF0000	0.106104765160632	0.0175879396984925	1e+01  0.05 1	1
#FF0000	0.100502512562814	0.0150825372414575	1e+01  0.05 1	1
#FF0000	0.0924623115577889	0.0115978003936621	1e+01  0.05 1	1
#FF0000	0.0863790246274133	0.00904522613065328	1e+01  0.05 1	1
#FF0000	0.0844221105527638	0.00823471169998605	1e+01  0.05 1	1
#FF0000	0.0763819095477387	0.00501491718858858	1e+01  0.05 1	1
#FF0000	0.0683417085427136	0.00190478508249347	1e+01  0.05 1	1
#FF0000	0.0645831300056168	0.000502512562814084	1e+01  0.05 1	1
#FF0000	0.0603015075376885	-0.00107478992058486	1e+01  0.05 1	1
#FF0000	0.0522613065326634	-0.00392754177818963	1e+01  0.05 1	1
#FF0000	0.0442211055276383	-0.0066715446360752	1e+01  0.05 1	1
#FF0000	0.0400440127699925	-0.00804020100502512	1e+01  0.05 1	1
#FF0000	0.0361809045226131	-0.00929046516800474	1e+01  0.05 1	1
#FF0000	0.028140703517588	-0.0117841300994408	1e+01  0.05 1	1
#FF0000	0.0201005025125629	-0.0141698323798616	1e+01  0.05 1	1
#FF0000	0.0120603015075377	-0.0164473901518431	1e+01  0.05 1	1
#FF0000	0.0115576544853368	-0.0165829145728642	1e+01  0.05 1	1
#FF0000	0.00402010050251256	-0.0185910014710291	1e+01  0.05 1	1
#FF0000	-0.00402010050251256	-0.0206256084526169	1e+01  0.05 1	1
#FF0000	-0.0120603015075377	-0.0225526944013001	1e+01  0.05 1	1
#FF0000	-0.0201005025125628	-0.0243720240406983	1e+01  0.05 1	1
#FF0000	-0.0236427978135612	-0.0251256281407034	1e+01  0.05 1	1
#FF0000	-0.0281407035175879	-0.0260714676437717	1e+01  0.05 1	1
#FF0000	-0.036180904522613	-0.0276545635614445	1e+01  0.05 1	1
#FF0000	-0.0442211055276381	-0.0291303656979393	1e+01  0.05 1	1
#FF0000	-0.0522613065326633	-0.0304985849455154	1e+01  0.05 1	1
#FF0000	-0.0603015075376884	-0.031758915810896	1e+01  0.05 1	1
#FF0000	-0.0683417085427135	-0.0329110362508644	1e+01  0.05 1	1
#FF0000	-0.0741781344234965	-0.0336683417085426	1e+01  0.05 1	1
#FF0000	-0.0763819095477387	-0.0339510936192903	1e+01  0.05 1	1
#FF0000	-0.0844221105527638	-0.0348742537579681	1e+01  0.05 1	1
#FF0000	-0.0924623115577889	-0.0356894322453958	1e+01  0.05 1	1
#FF0000	-0.100502512562814	-0.0363962525227146	1e+01  0.05 1	1
#FF0000	-0.108542713567839	-0.0369943210905237	1e+01  0.05 1	1
#FF0000	-0.116582914572864	-0.0374832273604721	1e+01  0.05 1	1
#FF0000	-0.124623115577889	-0.0378625435087703	1e+01  0.05 1	1
#FF0000	-0.132663316582915	-0.0381318243316414	1e+01  0.05 1	1
#FF0000	-0.14070351758794	-0.0382906071027509	1e+01  0.05 1	1
#FF0000	-0.148743718592965	-0.0383384114326339	1e+01  0.05 1	1
#FF0000	-0.15678391959799	-0.0382747391301548	1e+01  0.05 1	1
#FF0000	-0.164824120603015	-0.0380990740660184	1e+01  0.05 1	1
#FF0000	-0.17286432160804	-0.0378108820383563	1e+01  0.05 1	1
#FF0000	-0.180904522613065	-0.0374096106404096	1e+01  0.05 1	1
#FF0000	-0.18894472361809	-0.0368946891303282	1e+01  0.05 1	1
#FF0000	-0.196984924623116	-0.0362655283031032	1e+01  0.05 1	1
#FF0000	-0.205025125628141	-0.0355215203646462	1e+01  0.05 1	1
#FF0000	-0.213065326633166	-0.0346620388080311	1e+01  0.05 1	1
#FF0000	-0.221105527638191	-0.0336864382919108	1e+01  0.05 1	1
#FF0000	-0.221238979724929	-0.0336683417085426	1e+01  0.05 1	1
#FF0000	-0.229145728643216	-0.0325800902050698	1e+01  0.05 1	1
#FF0000	-0.237185929648241	-0.0313544395026725	1e+01  0.05 1	1
#FF0000	-0.245226130653266	-0.0300089969021079	1e+01  0.05 1	1
#FF0000	-0.253266331658292	-0.0285430186731032	1e+01  0.05 1	1
#FF0000	-0.261306532663317	-0.0269557411726718	1e+01  0.05 1	1
#FF0000	-0.269346733668342	-0.0252463807316275	1e+01  0.05 1	1
#FF0000	-0.269877741115521	-0.0251256281407034	1e+01  0.05 1	1
#FF0000	-0.277386934673367	-0.0233909996424721	1e+01  0.05 1	1
#FF0000	-0.285427135678392	-0.0214084766705104	1e+01  0.05 1	1
#FF0000	-0.293467336683417	-0.0192995698591046	1e+01  0.05 1	1
#FF0000	-0.301507537688442	-0.0170633881994358	1e+01  0.05 1	1
#FF0000	-0.303144666829817	-0.0165829145728642	1e+01  0.05 1	1
#FF0000	-0.309547738693467	-0.0146726623056244	1e+01  0.05 1	1
#FF0000	-0.317587939698492	-0.0121441280957563	1e+01  0.05 1	1
#FF0000	-0.325628140703518	-0.00948350657442148	1e+01  0.05 1	1
#FF0000	-0.329787268199507	-0.00804020100502512	1e+01  0.05 1	1
#FF0000	-0.333668341708543	-0.00667028005866372	1e+01  0.05 1	1
#FF0000	-0.341708542713568	-0.00369997760836413	1e+01  0.05 1	1
#FF0000	-0.349748743718593	-0.000592315911565348	1e+01  0.05 1	1
#FF0000	-0.352465587914936	0.000502512562814084	1e+01  0.05 1	1
#FF0000	-0.357788944723618	0.00268592179711428	1e+01  0.05 1	1
#FF0000	-0.365829145728643	0.00612239905388875	1e+01  0.05 1	1
#FF0000	-0.372397721715522	0.00904522613065328	1e+01  0.05 1	1
#FF0000	-0.373869346733668	0.00971210903573886	1e+01  0.05 1	1
#FF0000	-0.381909547738693	0.0134935248222232	1e+01  0.05 1	1
#FF0000	-0.389949748743719	0.0174230800336464	1e+01  0.05 1	1
#FF0000	-0.390275690889383	0.0175879396984925	1e+01  0.05 1	1
#FF0000	-0.397989949748744	0.0215643167861179	1e+01  0.05 1	1
#FF0000	-0.406030150753769	0.025861691099471	1e+01  0.05 1	1
#FF0000	-0.406517358213278	0.0261306532663317	1e+01  0.05 1	1
#FF0000	-0.414070351758794	0.030382583790689	1e+01  0.05 1	1
#FF0000	-0.421436724178981	0.0346733668341709	1e+01  0.05 1	1
#FF0000	-0.422110552763819	0.0350738297397766	1e+01  0.05 1	1
#FF0000	-0.430150753768844	0.040001223456569	1e+01  0.05 1	1
#FF0000	-0.43523260698628	0.0432160804020101	1e+01  0.05 1	1
#FF0000	-0.438190954773869	0.0451268482219101	1e+01  0.05 1	1
#FF0000	-0.446231155778895	0.0504788340023011	1e+01  0.05 1	1
#FF0000	-0.448099291146106	0.0517587939698493	1e+01  0.05 1	1
#FF0000	-0.45427135678392	0.0560793303042739	1e+01  0.05 1	1
#FF0000	-0.460129174430636	0.0603015075376885	1e+01  0.05 1	1
#FF0000	-0.462311557788945	0.0619096338653545	1e+01  0.05 1	1
#FF0000	-0.47035175879397	0.0680012510244298	1e+01  0.05 1	1
#FF0000	-0.47143516639409	0.0688442211055277	1e+01  0.05 1	1
#FF0000	-0.478391959798995	0.0743820656133768	1e+01  0.05 1	1
#FF0000	-0.482066910348986	0.0773869346733669	1e+01  0.05 1	1
#FF0000	-0.48643216080402	0.0810410881242557	1e+01  0.05 1	1
#FF0000	-0.492121983989155	0.0859296482412061	1e+01  0.05 1	1
#FF0000	-0.494472361809045	0.0879984924099228	1e+01  0.05 1	1
#FF0000	-0.501643575690188	0.0944723618090453	1e+01  0.05 1	1
#FF0000	-0.50251256281407	0.0952766466997557	1e+01  0.05 1	1
#FF0000	-0.510552763819096	0.102902829403476	1e+01  0.05 1	1
#FF0000	-0.510668349248778	0.103015075376884	1e+01  0.05 1	1
#FF0000	-0.518592964824121	0.110911851051709	1e+01  0.05 1	1
#FF0000	-0.519226224419298	0.111557788944724	1e+01  0.05 1	1
#FF0000	-0.526633165829146	0.119316680614106	1e+01  0.05 1	1
#FF0000	-0.527364634017627	0.120100502512563	1e+01  0.05 1	1
#FF0000	-0.534673366834171	0.128150211642041	1e+01  0.05 1	1
#FF0000	-0.535111209023699	0.128643216080402	1e+01  0.05 1	1
#FF0000	-0.542487234578555	0.137185929648241	1e+01  0.05 1	1
#FF0000	-0.542713567839196	0.137455738889809	1e+01  0.05 1	1
#FF0000	-0.54950651335955	0.14572864321608	1e+01  0.05 1	1
#FF0000	-0.550753768844221	0.147294035648259	1e+01  0.05 1	1
#FF0000	-0.556198497818237	0.15427135678392	1e+01  0.05 1	1
#FF0000	-0.558793969849246	0.15770251348899	1e+01  0.05 1	1
#FF0000	-0.562582954168581	0.162814070351759	1e+01  0.05 1	1
#FF0000	-0.566834170854271	0.16873683188439	1e+01  0.05 1	1
#FF0000	-0.568677940859283	0.171356783919598	1e+01  0.05 1	1
#FF0000	-0.574494183658005	0.179899497487437	1e+01  0.05 1	1
#FF0000	-0.574874371859297	0.180476741657896	1e+01  0.05 1	1
#FF0000	-0.58002123045705	0.188442211055276	1e+01  0.05 1	1
#FF0000	-0.582914572864322	0.193082723550781	1e+01  0.05 1	1
#FF0000	-0.585302663870674	0.196984924623116	1e+01  0.05 1	1
#FF0000	-0.590342743468986	0.205527638190955	1e+01  0.05 1	1
#FF0000	-0.590954773869347	0.206603709858031	1e+01  0.05 1	1
#FF0000	-0.595125544877467	0.214070351758794	1e+01  0.05 1	1
#FF0000	-0.598994974874372	0.221279512672988	1e+01  0.05 1	1
#FF0000	-0.599698263881443	0.222613065326633	1e+01  0.05 1	1
#FF0000	-0.604030187337179	0.231155778894472	1e+01  0.05 1	1
#FF0000	-0.607035175879397	0.23733984813639	1e+01  0.05 1	1
#FF0000	-0.608161933023071	0.239698492462312	1e+01  0.05 1	1
#FF0000	-0.612072524359181	0.248241206030151	1e+01  0.05 1	1
#FF0000	-0.615075376884422	0.255110300787375	1e+01  0.05 1	1
#FF0000	-0.6157950275452	0.25678391959799	1e+01  0.05 1	1
#FF0000	-0.619303407789803	0.265326633165829	1e+01  0.05 1	1
#FF0000	-0.622639125232739	0.273869346733668	1e+01  0.05 1	1
#FF0000	-0.623115577889447	0.275152312563523	1e+01  0.05 1	1
#FF0000	-0.625769097804224	0.282412060301508	1e+01  0.05 1	1
#FF0000	-0.628725616184815	0.290954773869347	1e+01  0.05 1	1
#FF0000	-0.631155778894472	0.298391426884336	1e+01  0.05 1	1
#FF0000	-0.631511697884096	0.299497487437186	1e+01  0.05 1	1
#FF0000	-0.634104956915368	0.308040201005025	1e+01  0.05 1	1
#FF0000	-0.63653716730142	0.316582914572864	1e+01  0.05 1	1
#FF0000	-0.638809575929284	0.325125628140704	1e+01  0.05 1	1
#FF0000	-0.639195979899498	0.326683986205325	1e+01  0.05 1	1
#FF0000	-0.640902479880524	0.333668341708543	1e+01  0.05 1	1
#FF0000	-0.642835328836687	0.342211055276382	1e+01  0.05 1	1
#FF0000	-0.644613934204841	0.350753768844221	1e+01  0.05 1	1
#FF0000	-0.64623938439883	0.35929648241206	1e+01  0.05 1	1
#FF0000	-0.647236180904523	0.365071790134648	1e+01  0.05 1	1
#FF0000	-0.64770715062479	0.3678391959799	1e+01  0.05 1	1
#FF0000	-0.649013989144332	0.376381909547739	1e+01  0.05 1	1
#FF0000	-0.650172586179611	0.384924623115578	1e+01  0.05 1	1
#FF0000	-0.651183881819441	0.393467336683417	1e+01  0.05 1	1
#FF0000	-0.652048786812497	0.402010050251256	1e+01  0.05 1	1
#FF0000	-0.652768182771153	0.410552763819096	1e+01  0.05 1	1
#FF0000	-0.653342922379389	0.419095477386935	1e+01  0.05 1	1
#FF0000	-0.65377382960477	0.427638190954774	1e+01  0.05 1	1
#FF0000	-0.654061699914461	0.436180904522613	1e+01  0.05 1	1
#FF0000	-0.654207300495245	0.444723618090452	1e+01  0.05 1	1
#FF0000	-0.654211370477526	0.453266331658291	1e+01  0.05 1	1
#FF0000	-0.654074621163268	0.461809045226131	1e+01  0.05 1	1
#FF0000	-0.653797736257832	0.47035175879397	1e+01  0.05 1	1
#FF0000	-0.653381372105667	0.478894472361809	1e+01  0.05 1	1
#FF0000	-0.652826157929808	0.487437185929648	1e+01  0.05 1	1
#FF0000	-0.652132696075125	0.495979899497488	1e+01  0.05 1	1
#FF0000	-0.651301562255258	0.504522613065327	1e+01  0.05 1	1
#FF0000	-0.650333305803199	0.513065326633166	1e+01  0.05 1	1
#FF0000	-0.649228449925431	0.521608040201005	1e+01  0.05 1	1
#FF0000	-0.64798749195957	0.530150753768844	1e+01  0.05 1	1
#FF0000	-0.647236180904523	0.534810820151865	1e+01  0.05 1	1
#FF0000	-0.646603861852786	0.538693467336683	1e+01  0.05 1	1
#FF0000	-0.645075122578194	0.547236180904523	1e+01  0.05 1	1
#FF0000	-0.64341019196987	0.555778894472362	1e+01  0.05 1	1
#FF0000	-0.641609480656637	0.564321608040201	1e+01  0.05 1	1
#FF0000	-0.639673374217685	0.57286432160804	1e+01  0.05 1	1
#FF0000	-0.639195979899498	0.57483210327698	1e+01  0.05 1	1
#FF0000	-0.637584113512931	0.58140703517588	1e+01  0.05 1	1
#FF0000	-0.635353297522101	0.589949748743719	1e+01  0.05 1	1
#FF0000	-0.632986691680309	0.598492462311558	1e+01  0.05 1	1
#FF0000	-0.631155778894472	0.604742408044877	1e+01  0.05 1	1
#FF0000	-0.630476853975487	0.607035175879397	1e+01  0.05 1	1
#FF0000	-0.627809211562761	0.615577889447236	1e+01  0.05 1	1
#FF0000	-0.62500519884746	0.624120603015076	1e+01  0.05 1	1
#FF0000	-0.623115577889447	0.629609851593182	1e+01  0.05 1	1
#FF0000	-0.622052758899518	0.632663316582915	1e+01  0.05 1	1
#FF0000	-0.618940805756132	0.641206030150754	1e+01  0.05 1	1
#FF0000	-0.615691714473098	0.649748743718593	1e+01  0.05 1	1
#FF0000	-0.615075376884422	0.651303157853545	1e+01  0.05 1	1
#FF0000	-0.61227276030237	0.658291457286432	1e+01  0.05 1	1
#FF0000	-0.608708227823106	0.666834170854272	1e+01  0.05 1	1
#FF0000	-0.607035175879397	0.670693498653497	1e+01  0.05 1	1
#FF0000	-0.604981070233151	0.675376884422111	1e+01  0.05 1	1
#FF0000	-0.601094210580393	0.68391959798995	1e+01  0.05 1	1
#FF0000	-0.598994974874372	0.688373159816737	1e+01  0.05 1	1
#FF0000	-0.597044328363936	0.692462311557789	1e+01  0.05 1	1
#FF0000	-0.592827846599641	0.701005025125628	1e+01  0.05 1	1
#FF0000	-0.590954773869347	0.704677031286731	1e+01  0.05 1	1
#FF0000	-0.58843962796959	0.709547738693467	1e+01  0.05 1	1
#FF0000	-0.583885804104276	0.718090452261307	1e+01  0.05 1	1
#FF0000	-0.582914572864322	0.719857154835431	1e+01  0.05 1	1
#FF0000	-0.579142472665344	0.726633165829146	1e+01  0.05 1	1
#FF0000	-0.574874371859297	0.734075165169734	1e+01  0.05 1	1
#FF0000	-0.574234945874062	0.735175879396985	1e+01  0.05 1	1
#FF0000	-0.569126680309223	0.743718592964824	1e+01  0.05 1	1
#FF0000	-0.566834170854271	0.747446477230622	1e+01  0.05 1	1
#FF0000	-0.563834081592746	0.752261306532663	1e+01  0.05 1	1
#FF0000	-0.558793969849246	0.760132948594849	1e+01  0.05 1	1
#FF0000	-0.558358484441714	0.760804020100503	1e+01  0.05 1	1
#FF0000	-0.552666232773052	0.769346733668342	1e+01  0.05 1	1
#FF0000	-0.550753768844221	0.772144070268491	1e+01  0.05 1	1
#FF0000	-0.546771459183156	0.777889447236181	1e+01  0.05 1	1
#FF0000	-0.542713567839196	0.783599280044353	1e+01  0.05 1	1
#FF0000	-0.540671812604765	0.78643216080402	1e+01  0.05 1	1
#FF0000	-0.534673366834171	0.794554699533406	1e+01  0.05 1	1
#FF0000	-0.534358585798575	0.794974874371859	1e+01  0.05 1	1
#FF0000	-0.527805355461656	0.803517587939698	1e+01  0.05 1	1
#FF0000	-0.526633165829146	0.805010798779683	1e+01  0.05 1	1
#FF0000	-0.521017366288205	0.812060301507538	1e+01  0.05 1	1
#FF0000	-0.518592964824121	0.815035980945769	1e+01  0.05 1	1
#FF0000	-0.5139887307743	0.820603015075377	1e+01  0.05 1	1
#FF0000	-0.510552763819096	0.824667413060838	1e+01  0.05 1	1
#FF0000	-0.506708400095144	0.829145728643216	1e+01  0.05 1	1
#FF0000	-0.50251256281407	0.83393012209281	1e+01  0.05 1	1
#FF0000	-0.499164545002482	0.837688442211055	1e+01  0.05 1	1
#FF0000	-0.494472361809045	0.842846996803145	1e+01  0.05 1	1
#FF0000	-0.491344492525392	0.846231155778895	1e+01  0.05 1	1
#FF0000	-0.48643216080402	0.851439002679455	1e+01  0.05 1	1
#FF0000	-0.483234656452433	0.854773869346734	1e+01  0.05 1	1
#FF0000	-0.478391959798995	0.859725371479114	1e+01  0.05 1	1
#FF0000	-0.4748204608665	0.863316582914573	1e+01  0.05 1	1
#FF0000	-0.47035175879397	0.867723768820023	1e+01  0.05 1	1
#FF0000	-0.466086255904459	0.871859296482412	1e+01  0.05 1	1
#FF0000	-0.462311557788945	0.875450442733174	1e+01  0.05 1	1
#FF0000	-0.457015224798856	0.880402010050251	1e+01  0.05 1	1
#FF0000	-0.45427135678392	0.882920355657672	1e+01  0.05 1	1
#FF0000	-0.447589281126062	0.888944723618091	1e+01  0.05 1	1
#FF0000	-0.446231155778895	0.890147301996104	1e+01  0.05 1	1
#FF0000	-0.438190954773869	0.897138006399457	1e+01  0.05 1	1
#FF0000	-0.437781516040121	0.89748743718593	1e+01  0.05 1	1
#FF0000	-0.430150753768844	0.90388624918179	1e+01  0.05 1	1
#FF0000	-0.427544849031748	0.906030150753769	1e+01  0.05 1	1
#FF0000	-0.422110552763819	0.910424832269121	1e+01  0.05 1	1
#FF0000	-0.416880182448059	0.914572864321608	1e+01  0.05 1	1
#FF0000	-0.414070351758794	0.916764161179552	1e+01  0.05 1	1
#FF0000	-0.406030150753769	0.922910568415984	1e+01  0.05 1	1
#FF0000	-0.405756459125717	0.923115577889447	1e+01  0.05 1	1
#FF0000	-0.397989949748744	0.928838564985528	1e+01  0.05 1	1
#FF0000	-0.394082523078973	0.931658291457287	1e+01  0.05 1	1
#FF0000	-0.389949748743719	0.934593285075748	1e+01  0.05 1	1
#FF0000	-0.381909547738693	0.940182314814321	1e+01  0.05 1	1
#FF0000	-0.38188206635306	0.940201005025126	1e+01  0.05 1	1
#FF0000	-0.373869346733668	0.94556601514959	1e+01  0.05 1	1
#FF0000	-0.369015588179269	0.948743718592965	1e+01  0.05 1	1
#FF0000	-0.365829145728643	0.950798251586056	1e+01  0.05 1	1
#FF0000	-0.357788944723618	0.955864495187747	1e+01  0.05 1	1
#FF0000	-0.355478458183377	0.957286432160804	1e+01  0.05 1	1
#FF0000	-0.349748743718593	0.960760518677957	1e+01  0.05 1	1
#FF0000	-0.341708542713568	0.96551892680743	1e+01  0.05 1	1
#FF0000	-0.341171180084638	0.965829145728643	1e+01  0.05 1	1
#FF0000	-0.333668341708543	0.970098016891767	1e+01  0.05 1	1
#FF0000	-0.325962699135375	0.974371859296483	1e+01  0.05 1	1
#FF0000	-0.325628140703518	0.974554801708787	1e+01  0.05 1	1
#FF0000	-0.317587939698492	0.978837397650761	1e+01  0.05 1	1
#FF0000	-0.309724399673865	0.982914572864322	1e+01  0.05 1	1
#FF0000	-0.309547738693467	0.98300490961597	1e+01  0.05 1	1
#FF0000	-0.301507537688442	0.987003485067412	1e+01  0.05 1	1
#FF0000	-0.293467336683417	0.990889558594375	1e+01  0.05 1	1
#FF0000	-0.292257459923854	0.991457286432161	1e+01  0.05 1	1
#FF0000	-0.285427135678392	0.994619399882471	1e+01  0.05 1	1
#FF0000	-0.277386934673367	0.998230255439562	1e+01  0.05 1	1
#FF0000	-0.273320359700315	1	1e+01  0.05 1	1
#FF5636	0.606799866491692	1	1e+01  0.1 2	2
#FF5636	0.607035175879397	0.999667065181916	1e+01  0.1 2	2
#FF5636	0.612761747917905	0.991457286432161	1e+01  0.1 2	2
#FF5636	0.615075376884422	0.988061683750768	1e+01  0.1 2	2
#FF5636	0.618537551855228	0.982914572864322	1e+01  0.1 2	2
#FF5636	0.623115577889447	0.975942723752654	1e+01  0.1 2	2
#FF5636	0.624134170815067	0.974371859296483	1e+01  0.1 2	2
#FF5636	0.629544091567801	0.965829145728643	1e+01  0.1 2	2
#FF5636	0.631155778894472	0.963220728234127	1e+01  0.1 2	2
#FF5636	0.634777853079892	0.957286432160804	1e+01  0.1 2	2
#FF5636	0.639195979899498	0.949857304434367	1e+01  0.1 2	2
#FF5636	0.639850355059212	0.948743718592965	1e+01  0.1 2	2
#FF5636	0.644746472125409	0.940201005025126	1e+01  0.1 2	2
#FF5636	0.647236180904523	0.935738442272679	1e+01  0.1 2	2
#FF5636	0.649486225315367	0.931658291457287	1e+01  0.1 2	2
#FF5636	0.654070335305089	0.923115577889447	1e+01  0.1 2	2
#FF5636	0.655276381909548	0.920805898479466	1e+01  0.1 2	2
#FF5636	0.658494545015451	0.914572864321608	1e+01  0.1 2	2
#FF5636	0.662777609967298	0.906030150753769	1e+01  0.1 2	2
#FF5636	0.663316582914573	0.904924429838175	1e+01  0.1 2	2
#FF5636	0.666902151950755	0.89748743718593	1e+01  0.1 2	2
#FF5636	0.670894470626334	0.888944723618091	1e+01  0.1 2	2
#FF5636	0.671356783919598	0.88792568819963	1e+01  0.1 2	2
#FF5636	0.674733988922745	0.880402010050251	1e+01  0.1 2	2
#FF5636	0.678445234587798	0.871859296482412	1e+01  0.1 2	2
#FF5636	0.679396984924623	0.869597758190514	1e+01  0.1 2	2
#FF5636	0.68201323141542	0.863316582914573	1e+01  0.1 2	2
#FF5636	0.685452487120959	0.854773869346734	1e+01  0.1 2	2
#FF5636	0.687437185929649	0.849670461335043	1e+01  0.1 2	2
#FF5636	0.688761405575557	0.846231155778895	1e+01  0.1 2	2
#FF5636	0.691937197152608	0.837688442211055	1e+01  0.1 2	2
#FF5636	0.69499511183335	0.829145728643216	1e+01  0.1 2	2
#FF5636	0.695477386934674	0.827747872144195	1e+01  0.1 2	2
#FF5636	0.697918824352655	0.820603015075377	1e+01  0.1 2	2
#FF5636	0.700723955622976	0.812060301507538	1e+01  0.1 2	2
#FF5636	0.703414717403744	0.803517587939698	1e+01  0.1 2	2
#FF5636	0.703517587939699	0.803177396946649	1e+01  0.1 2	2
#FF5636	0.705975111299665	0.794974874371859	1e+01  0.1 2	2
#FF5636	0.708422908360063	0.78643216080402	1e+01  0.1 2	2
#FF5636	0.710759567577505	0.777889447236181	1e+01  0.1 2	2
#FF5636	0.711557788944724	0.774830931881472	1e+01  0.1 2	2
#FF5636	0.712976413326234	0.769346733668342	1e+01  0.1 2	2
#FF5636	0.715079118038177	0.760804020100503	1e+01  0.1 2	2
#FF5636	0.717073653862439	0.752261306532663	1e+01  0.1 2	2
#FF5636	0.718960695664474	0.743718592964824	1e+01  0.1 2	2
#FF5636	0.719597989949749	0.740664423056704	1e+01  0.1 2	2
#FF5636	0.720733608248709	0.735175879396985	1e+01  0.1 2	2
#FF5636	0.722396991537176	0.726633165829146	1e+01  0.1 2	2
#FF5636	0.723955536564097	0.718090452261307	1e+01  0.1 2	2
#FF5636	0.725409838240941	0.709547738693467	1e+01  0.1 2	2
#FF5636	0.726760474625849	0.701005025125628	1e+01  0.1 2	2
#FF5636	0.727638190954774	0.694997882493842	1e+01  0.1 2	2
#FF5636	0.728005729899139	0.692462311557789	1e+01  0.1 2	2
#FF5636	0.72914368076047	0.68391959798995	1e+01  0.1 2	2
#FF5636	0.730180266168136	0.675376884422111	1e+01  0.1 2	2
#FF5636	0.731115987917754	0.666834170854272	1e+01  0.1 2	2
#FF5636	0.731951331488492	0.658291457286432	1e+01  0.1 2	2
#FF5636	0.732686766105368	0.649748743718593	1e+01  0.1 2	2
#FF5636	0.733322744804446	0.641206030150754	1e+01  0.1 2	2
#FF5636	0.733859704500901	0.632663316582915	1e+01  0.1 2	2
#FF5636	0.734298066059962	0.624120603015076	1e+01  0.1 2	2
#FF5636	0.73463823437072	0.615577889447236	1e+01  0.1 2	2
#FF5636	0.734880598422785	0.607035175879397	1e+01  0.1 2	2
#FF5636	0.735025531385789	0.598492462311558	1e+01  0.1 2	2
#FF5636	0.735073390691714	0.589949748743719	1e+01  0.1 2	2
#FF5636	0.735024518120027	0.58140703517588	1e+01  0.1 2	2
#FF5636	0.734879239885608	0.57286432160804	1e+01  0.1 2	2
#FF5636	0.73463786672945	0.564321608040201	1e+01  0.1 2	2
#FF5636	0.734300694012099	0.555778894472362	1e+01  0.1 2	2
#FF5636	0.733868001809815	0.547236180904523	1e+01  0.1 2	2
#FF5636	0.733340055013436	0.538693467336683	1e+01  0.1 2	2
#FF5636	0.732717103429893	0.530150753768844	1e+01  0.1 2	2
#FF5636	0.731999381886368	0.521608040201005	1e+01  0.1 2	2
#FF5636	0.731187110337043	0.513065326633166	1e+01  0.1 2	2
#FF5636	0.730280493972423	0.504522613065327	1e+01  0.1 2	2
#FF5636	0.729279723331177	0.495979899497488	1e+01  0.1 2	2
#FF5636	0.728184974414474	0.487437185929648	1e+01  0.1 2	2
#FF5636	0.727638190954774	0.483508358823753	1e+01  0.1 2	2
#FF5636	0.726992691023004	0.478894472361809	1e+01  0.1 2	2
#FF5636	0.725703053555905	0.47035175879397	1e+01  0.1 2	2
#FF5636	0.724319373539993	0.461809045226131	1e+01  0.1 2	2
#FF5636	0.722841773425571	0.453266331658291	1e+01  0.1 2	2
#FF5636	0.721270361523366	0.444723618090452	1e+01  0.1 2	2
#FF5636	0.719605232135436	0.436180904522613	1e+01  0.1 2	2
#FF5636	0.719597989949749	0.436145736516764	1e+01  0.1 2	2
#FF5636	0.717836242344468	0.427638190954774	1e+01  0.1 2	2
#FF5636	0.715973137500046	0.419095477386935	1e+01  0.1 2	2
#FF5636	0.71401601552913	0.410552763819096	1e+01  0.1 2	2
#FF5636	0.711964918333394	0.402010050251256	1e+01  0.1 2	2
#FF5636	0.711557788944724	0.400388737125813	1e+01  0.1 2	2
#FF5636	0.709809602084502	0.393467336683417	1e+01  0.1 2	2
#FF5636	0.707557438227265	0.384924623115578	1e+01  0.1 2	2
#FF5636	0.705210841505182	0.376381909547739	1e+01  0.1 2	2
#FF5636	0.703517587939699	0.370456051602962	1e+01  0.1 2	2
#FF5636	0.702765316035455	0.3678391959799	1e+01  0.1 2	2
#FF5636	0.700214636723419	0.35929648241206	1e+01  0.1 2	2
#FF5636	0.697568946603801	0.350753768844221	1e+01  0.1 2	2
#FF5636	0.695477386934674	0.344234230215047	1e+01  0.1 2	2
#FF5636	0.694824244269378	0.342211055276382	1e+01  0.1 2	2
#FF5636	0.691971142776907	0.333668341708543	1e+01  0.1 2	2
#FF5636	0.689022331674364	0.325125628140704	1e+01  0.1 2	2
#FF5636	0.687437185929649	0.320677249452471	1e+01  0.1 2	2
#FF5636	0.685968700124506	0.316582914572864	1e+01  0.1 2	2
#FF5636	0.682808828310645	0.308040201005025	1e+01  0.1 2	2
#FF5636	0.679552426942917	0.299497487437186	1e+01  0.1 2	2
#FF5636	0.679396984924623	0.299101288925254	1e+01  0.1 2	2
#FF5636	0.676179290151516	0.290954773869347	1e+01  0.1 2	2
#FF5636	0.67270785085544	0.282412060301508	1e+01  0.1 2	2
#FF5636	0.671356783919598	0.27917699754784	1e+01  0.1 2	2
#FF5636	0.66912476882267	0.273869346733668	1e+01  0.1 2	2
#FF5636	0.665434859457105	0.265326633165829	1e+01  0.1 2	2
#FF5636	0.663316582914573	0.260548504241112	1e+01  0.1 2	2
#FF5636	0.66163574261324	0.25678391959799	1e+01  0.1 2	2
#FF5636	0.657723735896904	0.248241206030151	1e+01  0.1 2	2
#FF5636	0.655276381909548	0.243027734862512	1e+01  0.1 2	2
#FF5636	0.653702092773799	0.239698492462312	1e+01  0.1 2	2
#FF5636	0.64956416110361	0.231155778894472	1e+01  0.1 2	2
#FF5636	0.647236180904523	0.226461758873085	1e+01  0.1 2	2
#FF5636	0.64531307897658	0.222613065326633	1e+01  0.1 2	2
#FF5636	0.640945189202049	0.214070351758794	1e+01  0.1 2	2
#FF5636	0.639195979899498	0.210725072543598	1e+01  0.1 2	2
#FF5636	0.63645731389122	0.205527638190955	1e+01  0.1 2	2
#FF5636	0.631855222042813	0.196984924623116	1e+01  0.1 2	2
#FF5636	0.631155778894472	0.195713829450181	1e+01  0.1 2	2
#FF5636	0.62712273682524	0.188442211055276	1e+01  0.1 2	2
#FF5636	0.623115577889447	0.181369386071605	1e+01  0.1 2	2
#FF5636	0.622276064715455	0.179899497487437	1e+01  0.1 2	2
#FF5636	0.617296586374196	0.171356783919598	1e+01  0.1 2	2
#FF5636	0.615075376884422	0.167622293842528	1e+01  0.1 2	2
#FF5636	0.612191807772697	0.162814070351759	1e+01  0.1 2	2
#FF5636	0.607035175879397	0.154385329123259	1e+01  0.1 2	2
#FF5636	0.60696485825706	0.15427135678392	1e+01  0.1 2	2
#FF5636	0.601593314552792	0.14572864321608	1e+01  0.1 2	2
#FF5636	0.598994974874372	0.141674484194528	1e+01  0.1 2	2
#FF5636	0.596093275604926	0.137185929648241	1e+01  0.1 2	2
#FF5636	0.590954773869347	0.129384698767855	1e+01  0.1 2	2
#FF5636	0.590462053361375	0.128643216080402	1e+01  0.1 2	2
#FF5636	0.584682532783376	0.120100502512563	1e+01  0.1 2	2
#FF5636	0.582914572864322	0.117533522749852	1e+01  0.1 2	2
#FF5636	0.578761607957191	0.111557788944724	1e+01  0.1 2	2
#FF5636	0.574874371859297	0.106061989561935	1e+01  0.1 2	2
#FF5636	0.572699345358164	0.103015075376884	1e+01  0.1 2	2
#FF5636	0.566834170854271	0.0949392554363229	1e+01  0.1 2	2
#FF5636	0.566491888317254	0.0944723618090453	1e+01  0.1 2	2
#FF5636	0.560124256667993	0.0859296482412061	1e+01  0.1 2	2
#FF5636	0.558793969849246	0.0841741603129399	1e+01  0.1 2	2
#FF5636	0.55360112718422	0.0773869346733669	1e+01  0.1 2	2
#FF5636	0.550753768844221	0.0737253141224185	1e+01  0.1 2	2
#FF5636	0.546920835061006	0.0688442211055277	1e+01  0.1 2	2
#FF5636	0.542713567839196	0.0635710914101447	1e+01  0.1 2	2
#FF5636	0.540078749985499	0.0603015075376885	1e+01  0.1 2	2
#FF5636	0.534673366834171	0.0536978225949465	1e+01  0.1 2	2
#FF5636	0.533069999973846	0.0517587939698493	1e+01  0.1 2	2
#FF5636	0.526633165829146	0.0440927020783669	1e+01  0.1 2	2
#FF5636	0.52588945828206	0.0432160804020101	1e+01  0.1 2	2
#FF5636	0.518592964824121	0.0347437252708986	1e+01  0.1 2	2
#FF5636	0.51853172948225	0.0346733668341709	1e+01  0.1 2	2
#FF5636	0.510987152535132	0.0261306532663317	1e+01  0.1 2	2
#FF5636	0.510552763819096	0.0256458445163879	1e+01  0.1 2	2
#FF5636	0.503254763792075	0.0175879396984925	1e+01  0.1 2	2
#FF5636	0.502512562814071	0.0167799861739973	1e+01  0.1 2	2
#FF5636	0.49532896712154	0.00904522613065328	1e+01  0.1 2	2
#FF5636	0.494472361809045	0.00813562456973221	1e+01  0.1 2	2
#FF5636	0.487203297419261	0.000502512562814084	1e+01  0.1 2	2
#FF5636	0.48643216080402	-0.000296284538002792	1e+01  0.1 2	2
#FF5636	0.47887094839005	-0.00804020100502512	1e+01  0.1 2	2
#FF5636	0.478391959798995	-0.00852425160097361	1e+01  0.1 2	2
#FF5636	0.47035175879397	-0.0165559815802861	1e+01  0.1 2	2
#FF5636	0.470324481239771	-0.0165829145728642	1e+01  0.1 2	2
#FF5636	0.462311557788945	-0.0243917471939898	1e+01  0.1 2	2
#FF5636	0.461549427699897	-0.0251256281407034	1e+01  0.1 2	2
#FF5636	0.45427135678392	-0.0320445613263045	1e+01  0.1 2	2
#FF5636	0.45254234827061	-0.0336683417085426	1e+01  0.1 2	2
#FF5636	0.446231155778895	-0.0395213121621349	1e+01  0.1 2	2
#FF5636	0.443294628294593	-0.0422110552763818	1e+01  0.1 2	2
#FF5636	0.438190954773869	-0.0468284905536252	1e+01  0.1 2	2
#FF5636	0.433797181859256	-0.050753768844221	1e+01  0.1 2	2
#FF5636	0.430150753768844	-0.0539722151131489	1e+01  0.1 2	2
#FF5636	0.424040422867261	-0.0592964824120602	1e+01  0.1 2	2
#FF5636	0.422110552763819	-0.0609582554527497	1e+01  0.1 2	2
#FF5636	0.414070351758794	-0.0677915735169284	1e+01  0.1 2	2
#FF5636	0.414013588723796	-0.0678391959798994	1e+01  0.1 2	2
#FF5636	0.406030150753769	-0.0744597572020706	1e+01  0.1 2	2
#FF5636	0.403680719917029	-0.0763819095477386	1e+01  0.1 2	2
#FF5636	0.397989949748744	-0.0809850508139214	1e+01  0.1 2	2
#FF5636	0.393051953074114	-0.0849246231155778	1e+01  0.1 2	2
#FF5636	0.389949748743719	-0.0873721340363041	1e+01  0.1 2	2
#FF5636	0.382114984568557	-0.093467336683417	1e+01  0.1 2	2
#FF5636	0.381909547738694	-0.0936254224254429	1e+01  0.1 2	2
#FF5636	0.373869346733668	-0.0997278636599105	1e+01  0.1 2	2
#FF5636	0.370818616240809	-0.102010050251256	1e+01  0.1 2	2
#FF5636	0.365829145728643	-0.105702874631585	1e+01  0.1 2	2
#FF5636	0.359178777520705	-0.110552763819095	1e+01  0.1 2	2
#FF5636	0.357788944723618	-0.111555759086077	1e+01  0.1 2	2
#FF5636	0.349748743718593	-0.117273818789001	1e+01  0.1 2	2
#FF5636	0.347148391486162	-0.119095477386935	1e+01  0.1 2	2
#FF5636	0.341708542713568	-0.122867498847719	1e+01  0.1 2	2
#FF5636	0.334720434932076	-0.127638190954774	1e+01  0.1 2	2
#FF5636	0.333668341708543	-0.128349271958709	1e+01  0.1 2	2
#FF5636	0.325628140703518	-0.133700911620022	1e+01  0.1 2	2
#FF5636	0.321842233902862	-0.136180904522613	1e+01  0.1 2	2
#FF5636	0.317587939698493	-0.138940536051283	1e+01  0.1 2	2
#FF5636	0.309547738693467	-0.144071707237905	1e+01  0.1 2	2
#FF5636	0.308509646263702	-0.144723618090452	1e+01  0.1 2	2
#FF5636	0.301507537688442	-0.149078967973105	1e+01  0.1 2	2
#FF5636	0.294659817962222	-0.153266331658291	1e+01  0.1 2	2
#FF5636	0.293467336683417	-0.153988727033111	1e+01  0.1 2	2
#FF5636	0.285427135678392	-0.158778829515231	1e+01  0.1 2	2
#FF5636	0.280251039932167	-0.161809045226131	1e+01  0.1 2	2
#FF5636	0.277386934673367	-0.163470488911831	1e+01  0.1 2	2
#FF5636	0.269346733668342	-0.16805359984068	1e+01  0.1 2	2
#FF5636	0.265241876397462	-0.17035175879397	1e+01  0.1 2	2
#FF5636	0.261306532663317	-0.172535422647109	1e+01  0.1 2	2
#FF5636	0.253266331658292	-0.176916012675819	1e+01  0.1 2	2
#FF5636	0.249566877489699	-0.178894472361809	1e+01  0.1 2	2
#FF5636	0.245226130653266	-0.181195754163366	1e+01  0.1 2	2
#FF5636	0.237185929648241	-0.185378091575802	1e+01  0.1 2	2
#FF5636	0.233150183306717	-0.187437185929648	1e+01  0.1 2	2
#FF5636	0.229145728643216	-0.189463026268059	1e+01  0.1 2	2
#FF5636	0.221105527638191	-0.193451183392803	1e+01  0.1 2	2
#FF5636	0.215903462170053	-0.195979899497487	1e+01  0.1 2	2
#FF5636	0.213065326633166	-0.197348130625351	1e+01  0.1 2	2
#FF5636	0.205025125628141	-0.201145990065599	1e+01  0.1 2	2
#FF5636	0.197723339175395	-0.204522613065327	1e+01  0.1 2	2
#FF5636	0.196984924623116	-0.204861338151042	1e+01  0.1 2	2
#FF5636	0.188944723618091	-0.208472598839685	1e+01  0.1 2	2
#FF5636	0.180904522613065	-0.212004690396018	1e+01  0.1 2	2
#FF5636	0.178435943094561	-0.213065326633166	1e+01  0.1 2	2
#FF5636	0.17286432160804	-0.215440511018532	1e+01  0.1 2	2
#FF5636	0.164824120603015	-0.218790316707424	1e+01  0.1 2	2
#FF5636	0.157899787704195	-0.221608040201005	1e+01  0.1 2	2
#FF5636	0.15678391959799	-0.222058669338728	1e+01  0.1 2	2
#FF5636	0.148743718592965	-0.225229494021506	1e+01  0.1 2	2
#FF5636	0.14070351758794	-0.228322806751088	1e+01  0.1 2	2
#FF5636	0.135831166339413	-0.230150753768844	1e+01  0.1 2	2
#FF5636	0.132663316582915	-0.231330466797687	1e+01  0.1 2	2
#FF5636	0.12462311557789	-0.234248625753973	1e+01  0.1 2	2
#FF5636	0.116582914572864	-0.237090055224129	1e+01  0.1 2	2
#FF5636	0.111920707981141	-0.238693467336683	1e+01  0.1 2	2
#FF5636	0.108542713567839	-0.239846918412929	1e+01  0.1 2	2
#FF5636	0.100502512562814	-0.242516759502424	1e+01  0.1 2	2
#FF5636	0.0924623115577889	-0.245110571016047	1e+01  0.1 2	2
#FF5636	0.0856748568470818	-0.247236180904523	1e+01  0.1 2	2
#FF5636	0.0844221105527638	-0.247625786437847	1e+01  0.1 2	2
#FF5636	0.0763819095477387	-0.250051320718419	1e+01  0.1 2	2
#FF5636	0.0683417085427136	-0.25240144334746	1e+01  0.1 2	2
#FF5636	0.0603015075376885	-0.254676192305125	1e+01  0.1 2	2
#FF5636	0.0562705827720346	-0.255778894472362	1e+01  0.1 2	2
#FF5636	0.0522613065326634	-0.256868363357238	1e+01  0.1 2	2
#FF5636	0.0442211055276383	-0.25897839832402	1e+01  0.1 2	2
#FF5636	0.0361809045226131	-0.261013571900468	1e+01  0.1 2	2
#FF5636	0.028140703517588	-0.262973889112296	1e+01  0.1 2	2
#FF5636	0.0223934670962397	-0.264321608040201	1e+01  0.1 2	2
#FF5636	0.0201005025125629	-0.264855854405631	1e+01  0.1 2	2
#FF5636	0.0120603015075377	-0.266654654078835	1e+01  0.1 2	2
#FF5636	0.00402010050251256	-0.268379004614439	1e+01  0.1 2	2
#FF5636	-0.00402010050251256	-0.270028877671706	1e+01  0.1 2	2
#FF5636	-0.0120603015075377	-0.271604236030064	1e+01  0.1 2	2
#FF5636	-0.0188112266779046	-0.27286432160804	1e+01  0.1 2	2
#FF5636	-0.0201005025125628	-0.273103491117659	1e+01  0.1 2	2
#FF5636	-0.0281407035175879	-0.274520513215052	1e+01  0.1 2	2
#FF5636	-0.036180904522613	-0.275863298941595	1e+01  0.1 2	2
#FF5636	-0.0442211055276381	-0.277131777236247	1e+01  0.1 2	2
#FF5636	-0.0522613065326633	-0.278325867900419	1e+01  0.1 2	2
#FF5636	-0.0603015075376884	-0.279445481521157	1e+01  0.1 2	2
#FF5636	-0.0683417085427135	-0.280490519395542	1e+01  0.1 2	2
#FF5636	-0.0759360390708718	-0.281407035175879	1e+01  0.1 2	2
#FF5636	-0.0763819095477387	-0.281460531407611	1e+01  0.1 2	2
#FF5636	-0.0844221105527638	-0.282350381533198	1e+01  0.1 2	2
#FF5636	-0.0924623115577889	-0.283165756649063	1e+01  0.1 2	2
#FF5636	-0.100502512562814	-0.283906523649511	1e+01  0.1 2	2
#FF5636	-0.108542713567839	-0.284572539939732	1e+01  0.1 2	2
#FF5636	-0.116582914572864	-0.285163653369452	1e+01  0.1 2	2
#FF5636	-0.124623115577889	-0.285679702167911	1e+01  0.1 2	2
#FF5636	-0.132663316582915	-0.286120514880215	1e+01  0.1 2	2
#FF5636	-0.14070351758794	-0.286485910305053	1e+01  0.1 2	2
#FF5636	-0.148743718592965	-0.286775697433818	1e+01  0.1 2	2
#FF5636	-0.15678391959799	-0.286989675391127	1e+01  0.1 2	2
#FF5636	-0.164824120603015	-0.287127633376773	1e+01  0.1 2	2
#FF5636	-0.17286432160804	-0.287189350609112	1e+01  0.1 2	2
#FF5636	-0.180904522613065	-0.287174596269904	1e+01  0.1 2	2
#FF5636	-0.18894472361809	-0.287083129450614	1e+01  0.1 2	2
#FF5636	-0.196984924623116	-0.286914699100196	1e+01  0.1 2	2
#FF5636	-0.205025125628141	-0.286669043974355	1e+01  0.1 2	2
#FF5636	-0.213065326633166	-0.286345892586309	1e+01  0.1 2	2
#FF5636	-0.221105527638191	-0.285944963159057	1e+01  0.1 2	2
#FF5636	-0.229145728643216	-0.285465963579158	1e+01  0.1 2	2
#FF5636	-0.237185929648241	-0.284908591352026	1e+01  0.1 2	2
#FF5636	-0.245226130653266	-0.284272533558755	1e+01  0.1 2	2
#FF5636	-0.253266331658292	-0.283557466814473	1e+01  0.1 2	2
#FF5636	-0.261306532663317	-0.282763057228226	1e+01  0.1 2	2
#FF5636	-0.269346733668342	-0.281888960364406	1e+01  0.1 2	2
#FF5636	-0.273410837830932	-0.281407035175879	1e+01  0.1 2	2
#FF5636	-0.277386934673367	-0.280931610476022	1e+01  0.1 2	2
#FF5636	-0.285427135678392	-0.279890000880849	1e+01  0.1 2	2
#FF5636	-0.293467336683417	-0.278767015398528	1e+01  0.1 2	2
#FF5636	-0.301507537688442	-0.27756225917542	1e+01  0.1 2	2
#FF5636	-0.309547738693467	-0.276275326452954	1e+01  0.1 2	2
#FF5636	-0.317587939698492	-0.27490580053738	1e+01  0.1 2	2
#FF5636	-0.325628140703518	-0.273453253771081	1e+01  0.1 2	2
#FF5636	-0.328714389598619	-0.27286432160804	1e+01  0.1 2	2
#FF5636	-0.333668341708543	-0.271910530463423	1e+01  0.1 2	2
#FF5636	-0.341708542713568	-0.270279073555938	1e+01  0.1 2	2
#FF5636	-0.349748743718593	-0.268562578077422	1e+01  0.1 2	2
#FF5636	-0.357788944723618	-0.266760562747178	1e+01  0.1 2	2
#FF5636	-0.365829145728643	-0.264872534998552	1e+01  0.1 2	2
#FF5636	-0.368075809728828	-0.264321608040201	1e+01  0.1 2	2
#FF5636	-0.373869346733668	-0.262887514711598	1e+01  0.1 2	2
#FF5636	-0.381909547738693	-0.260810692922382	1e+01  0.1 2	2
#FF5636	-0.389949748743719	-0.258645574857846	1e+01  0.1 2	2
#FF5636	-0.397989949748744	-0.256391611775577	1e+01  0.1 2	2
#FF5636	-0.400095685882106	-0.255778894472362	1e+01  0.1 2	2
#FF5636	-0.406030150753769	-0.254035066240052	1e+01  0.1 2	2
#FF5636	-0.414070351758794	-0.251583098860627	1e+01  0.1 2	2
#FF5636	-0.422110552763819	-0.249039765712723	1e+01  0.1 2	2
#FF5636	-0.427617337723073	-0.247236180904523	1e+01  0.1 2	2
#FF5636	-0.430150753768844	-0.246397926696498	1e+01  0.1 2	2
#FF5636	-0.438190954773869	-0.243648518194384	1e+01  0.1 2	2
#FF5636	-0.446231155778895	-0.240805020929288	1e+01  0.1 2	2
#FF5636	-0.452013300848662	-0.238693467336683	1e+01  0.1 2	2
#FF5636	-0.45427135678392	-0.237860080512995	1e+01  0.1 2	2
#FF5636	-0.462311557788945	-0.234801750874341	1e+01  0.1 2	2
#FF5636	-0.47035175879397	-0.231646396464788	1e+01  0.1 2	2
#FF5636	-0.474053643561592	-0.230150753768844	1e+01  0.1 2	2
#FF5636	-0.478391959798995	-0.22837862108977	1e+01  0.1 2	2
#FF5636	-0.48643216080402	-0.224998942739267	1e+01  0.1 2	2
#FF5636	-0.494267370479659	-0.221608040201005	1e+01  0.1 2	2
#FF5636	-0.494472361809045	-0.221518314479296	1e+01  0.1 2	2
#FF5636	-0.50251256281407	-0.217906630068989	1e+01  0.1 2	2
#FF5636	-0.510552763819096	-0.214192164138836	1e+01  0.1 2	2
#FF5636	-0.512930561266881	-0.213065326633166	1e+01  0.1 2	2
#FF5636	-0.518592964824121	-0.210350252735692	1e+01  0.1 2	2
#FF5636	-0.526633165829146	-0.206392851767429	1e+01  0.1 2	2
#FF5636	-0.530339447564627	-0.204522613065327	1e+01  0.1 2	2
#FF5636	-0.534673366834171	-0.202309076939363	1e+01  0.1 2	2
#FF5636	-0.542713567839196	-0.198099867305524	1e+01  0.1 2	2
#FF5636	-0.546666749171015	-0.195979899497487	1e+01  0.1 2	2
#FF5636	-0.550753768844221	-0.193760720729297	1e+01  0.1 2	2
#FF5636	-0.558793969849246	-0.189290252377259	1e+01  0.1 2	2
#FF5636	-0.5620511884108	-0.187437185929648	1e+01  0.1 2	2
#FF5636	-0.566834170854271	-0.184681022910613	1e+01  0.1 2	2
#FF5636	-0.574874371859297	-0.17993923110976	1e+01  0.1 2	2
#FF5636	-0.576608164161938	-0.178894472361809	1e+01  0.1 2	2
#FF5636	-0.582914572864322	-0.175043899683549	1e+01  0.1 2	2
#FF5636	-0.590425598151855	-0.17035175879397	1e+01  0.1 2	2
#FF5636	-0.590954773869347	-0.170016691028975	1e+01  0.1 2	2
#FF5636	-0.598994974874372	-0.164821187608721	1e+01  0.1 2	2
#FF5636	-0.603556457614846	-0.161809045226131	1e+01  0.1 2	2
#FF5636	-0.607035175879397	-0.159479782132602	1e+01  0.1 2	2
#FF5636	-0.615075376884422	-0.153982471302692	1e+01  0.1 2	2
#FF5636	-0.616102588230849	-0.153266331658291	1e+01  0.1 2	2
#FF5636	-0.623115577889447	-0.148306768176931	1e+01  0.1 2	2
#FF5636	-0.628079482283749	-0.144723618090452	1e+01  0.1 2	2
#FF5636	-0.631155778894472	-0.142470318817052	1e+01  0.1 2	2
#FF5636	-0.639195979899498	-0.13646298973027	1e+01  0.1 2	2
#FF5636	-0.639566688378407	-0.136180904522613	1e+01  0.1 2	2
#FF5636	-0.647236180904523	-0.130256516426146	1e+01  0.1 2	2
#FF5636	-0.650561218269071	-0.127638190954774	1e+01  0.1 2	2
#FF5636	-0.655276381909548	-0.123867620597516	1e+01  0.1 2	2
#FF5636	-0.66113288615425	-0.119095477386935	1e+01  0.1 2	2
#FF5636	-0.663316582914573	-0.117287852048303	1e+01  0.1 2	2
#FF5636	-0.671304673547811	-0.110552763819095	1e+01  0.1 2	2
#FF5636	-0.671356783919598	-0.110508113203728	1e+01  0.1 2	2
#FF5636	-0.679396984924623	-0.103499903900608	1e+01  0.1 2	2
#FF5636	-0.681076337972247	-0.102010050251256	1e+01  0.1 2	2
#FF5636	-0.687437185929648	-0.0962726331162603	1e+01  0.1 2	2
#FF5636	-0.69049402094239	-0.093467336683417	1e+01  0.1 2	2
#FF5636	-0.695477386934673	-0.0888157612502766	1e+01  0.1 2	2
#FF5636	-0.699576191408466	-0.0849246231155778	1e+01  0.1 2	2
#FF5636	-0.703517587939699	-0.0811173378940794	1e+01  0.1 2	2
#FF5636	-0.70833940917809	-0.0763819095477386	1e+01  0.1 2	2
#FF5636	-0.711557788944724	-0.0731644623157395	1e+01  0.1 2	2
#FF5636	-0.716799099148122	-0.0678391959798994	1e+01  0.1 2	2
#FF5636	-0.719597989949749	-0.0649431954970951	1e+01  0.1 2	2
#FF5636	-0.724969640038985	-0.0592964824120602	1e+01  0.1 2	2
#FF5636	-0.727638190954774	-0.0564384622721749	1e+01  0.1 2	2
#FF5636	-0.732864444961068	-0.050753768844221	1e+01  0.1 2	2
#FF5636	-0.735678391959799	-0.0476339422369655	1e+01  0.1 2	2
#FF5636	-0.740496034681217	-0.0422110552763818	1e+01  0.1 2	2
#FF5636	-0.743718592964824	-0.0385119478922514	1e+01  0.1 2	2
#FF5636	-0.747876104353379	-0.0336683417085426	1e+01  0.1 2	2
#FF5636	-0.751758793969849	-0.0290532882355558	1e+01  0.1 2	2
#FF5636	-0.755015584387396	-0.0251256281407034	1e+01  0.1 2	2
#FF5636	-0.759798994974875	-0.0192371157274309	1e+01  0.1 2	2
#FF5636	-0.761924696051602	-0.0165829145728642	1e+01  0.1 2	2
#FF5636	-0.7678391959799	-0.00904075421219924	1e+01  0.1 2	2
#FF5636	-0.768613002336639	-0.00804020100502512	1e+01  0.1 2	2
#FF5636	-0.775081826649254	0.000502512562814084	1e+01  0.1 2	2
#FF5636	-0.775879396984925	0.00157875817194278	1e+01  0.1 2	2
#FF5636	-0.781338310628793	0.00904522613065328	1e+01  0.1 2	2
#FF5636	-0.78391959798995	0.0126565701461937	1e+01  0.1 2	2
#FF5636	-0.787398134620093	0.0175879396984925	1e+01  0.1 2	2
#FF5636	-0.791959798994975	0.0242066364736484	1e+01  0.1 2	2
#FF5636	-0.793268820806089	0.0261306532663317	1e+01  0.1 2	2
#FF5636	-0.798948057952274	0.0346733668341709	1e+01  0.1 2	2
#FF5636	-0.8	0.0362933343841024	1e+01  0.1 2	2
#FF5636	-0.8	0.8326391787548	1e+01  0.1 3	3
#FF5636	-0.797083311094432	0.837688442211055	1e+01  0.1 3	3
#FF5636	-0.792046133604576	0.846231155778895	1e+01  0.1 3	3
#FF5636	-0.791959798994975	0.846374741688265	1e+01  0.1 3	3
#FF5636	-0.786867584769335	0.854773869346734	1e+01  0.1 3	3
#FF5636	-0.78391959798995	0.859541396063719	1e+01  0.1 3	3
#FF5636	-0.781565394371913	0.863316582914573	1e+01  0.1 3	3
#FF5636	-0.776134651086043	0.871859296482412	1e+01  0.1 3	3
#FF5636	-0.775879396984925	0.87225349939213	1e+01  0.1 3	3
#FF5636	-0.770557166002035	0.880402010050251	1e+01  0.1 3	3
#FF5636	-0.7678391959799	0.884486993442552	1e+01  0.1 3	3
#FF5636	-0.764846888514351	0.888944723618091	1e+01  0.1 3	3
#FF5636	-0.759798994974875	0.896329585972976	1e+01  0.1 3	3
#FF5636	-0.759000384428286	0.89748743718593	1e+01  0.1 3	3
#FF5636	-0.75300416886064	0.906030150753769	1e+01  0.1 3	3
#FF5636	-0.751758793969849	0.907774090913815	1e+01  0.1 3	3
#FF5636	-0.746858691794478	0.914572864321608	1e+01  0.1 3	3
#FF5636	-0.743718592964824	0.918855955030378	1e+01  0.1 3	3
#FF5636	-0.740566192201125	0.923115577889447	1e+01  0.1 3	3
#FF5636	-0.735678391959799	0.929610572747286	1e+01  0.1 3	3
#FF5636	-0.734122539756604	0.931658291457287	1e+01  0.1 3	3
#FF5636	-0.727638190954774	0.940053811112198	1e+01  0.1 3	3
#FF5636	-0.727523388223697	0.940201005025126	1e+01  0.1 3	3
#FF5636	-0.720754304598725	0.948743718592965	1e+01  0.1 3	3
#FF5636	-0.719597989949749	0.950180218508035	1e+01  0.1 3	3
#FF5636	-0.713820399075532	0.957286432160804	1e+01  0.1 3	3
#FF5636	-0.711557788944724	0.960026665748331	1e+01  0.1 3	3
#FF5636	-0.706717671057397	0.965829145728643	1e+01  0.1 3	3
#FF5636	-0.703517587939699	0.969607790255121	1e+01  0.1 3	3
#FF5636	-0.699440908854537	0.974371859296483	1e+01  0.1 3	3
#FF5636	-0.695477386934673	0.978935356156206	1e+01  0.1 3	3
#FF5636	-0.69198462842349	0.982914572864322	1e+01  0.1 3	3
#FF5636	-0.687437185929648	0.98802040403255	1e+01  0.1 3	3
#FF5636	-0.684343058348299	0.991457286432161	1e+01  0.1 3	3
#FF5636	-0.679396984924623	0.996873301770359	1e+01  0.1 3	3
#FF5636	-0.67651012384015	1	1e+01  0.1 3	3
#FF7F60	0.8	0.0793387490759633	1e+01  0.15 4	4
#FF7F60	0.798838724493978	0.0773869346733669	1e+01  0.15 4	4
#FF7F60	0.793674885140356	0.0688442211055277	1e+01  0.15 4	4
#FF7F60	0.791959798994975	0.0660511833080561	1e+01  0.15 4	4
#FF7F60	0.788407056601637	0.0603015075376885	1e+01  0.15 4	4
#FF7F60	0.78391959798995	0.0531530878390401	1e+01  0.15 4	4
#FF7F60	0.783038729229157	0.0517587939698493	1e+01  0.15 4	4
#FF7F60	0.777560088594844	0.0432160804020101	1e+01  0.15 4	4
#FF7F60	0.775879396984925	0.040634441186861	1e+01  0.15 4	4
#FF7F60	0.771973199350302	0.0346733668341709	1e+01  0.15 4	4
#FF7F60	0.7678391959799	0.0284586945435275	1e+01  0.15 4	4
#FF7F60	0.76628022996464	0.0261306532663317	1e+01  0.15 4	4
#FF7F60	0.760475795396773	0.0175879396984925	1e+01  0.15 4	4
#FF7F60	0.759798994974875	0.016605724995901	1e+01  0.15 4	4
#FF7F60	0.754553706099024	0.00904522613065328	1e+01  0.15 4	4
#FF7F60	0.751758793969849	0.00507375487426969	1e+01  0.15 4	4
#FF7F60	0.748519332111585	0.000502512562814084	1e+01  0.15 4	4
#FF7F60	0.743718592964824	-0.00617749594351039	1e+01  0.15 4	4
#FF7F60	0.742370391702779	-0.00804020100502512	1e+01  0.15 4	4
#FF7F60	0.736102268515504	-0.0165829145728642	1e+01  0.15 4	4
#FF7F60	0.735678391959799	-0.0171530662634247	1e+01  0.15 4	4
#FF7F60	0.729708054817677	-0.0251256281407034	1e+01  0.15 4	4
#FF7F60	0.727638190954774	-0.0278530250001521	1e+01  0.15 4	4
#FF7F60	0.72319210987215	-0.0336683417085426	1e+01  0.15 4	4
#FF7F60	0.719597989949749	-0.0383080857680455	1e+01  0.15 4	4
#FF7F60	0.716551755159482	-0.0422110552763818	1e+01  0.15 4	4
#FF7F60	0.711557788944724	-0.0485275946704673	1e+01  0.15 4	4
#FF7F60	0.709784192293133	-0.050753768844221	1e+01  0.15 4	4
#FF7F60	0.703517587939699	-0.0585204091612199	1e+01  0.15 4	4
#FF7F60	0.702886497903246	-0.0592964824120602	1e+01  0.15 4	4
#FF7F60	0.695853440733273	-0.0678391959798994	1e+01  0.15 4	4
#FF7F60	0.695477386934674	-0.0682904922419229	1e+01  0.15 4	4
#FF7F60	0.688681023502123	-0.0763819095477386	1e+01  0.15 4	4
#FF7F60	0.687437185929649	-0.0778450204448021	1e+01  0.15 4	4
#FF7F60	0.681369540300144	-0.0849246231155778	1e+01  0.15 4	4
#FF7F60	0.679396984924623	-0.0871990516909685	1e+01  0.15 4	4
#FF7F60	0.673915575574045	-0.093467336683417	1e+01  0.15 4	4
#FF7F60	0.671356783919598	-0.0963595704665218	1e+01  0.15 4	4
#FF7F60	0.666315563040086	-0.102010050251256	1e+01  0.15 4	4
#FF7F60	0.663316582914573	-0.105333211680939	1e+01  0.15 4	4
#FF7F60	0.658565779069033	-0.110552763819095	1e+01  0.15 4	4
#FF7F60	0.655276381909548	-0.114126280011566	1e+01  0.15 4	4
#FF7F60	0.65066233573368	-0.119095477386935	1e+01  0.15 4	4
#FF7F60	0.647236180904523	-0.122744767987221	1e+01  0.15 4	4
#FF7F60	0.642601173498008	-0.127638190954774	1e+01  0.15 4	4
#FF7F60	0.639195979899498	-0.131194372906727	1e+01  0.15 4	4
#FF7F60	0.634378053525556	-0.136180904522613	1e+01  0.15 4	4
#FF7F60	0.631155778894472	-0.139480512679913	1e+01  0.15 4	4
#FF7F60	0.625988549582949	-0.144723618090452	1e+01  0.15 4	4
#FF7F60	0.623115577889447	-0.147608340671222	1e+01  0.15 4	4
#FF7F60	0.617428039512718	-0.153266331658291	1e+01  0.15 4	4
#FF7F60	0.615075376884422	-0.155582759619271	1e+01  0.15 4	4
#FF7F60	0.608691696247709	-0.161809045226131	1e+01  0.15 4	4
#FF7F60	0.607035175879397	-0.163408434699622	1e+01  0.15 4	4
#FF7F60	0.599774478337222	-0.17035175879397	1e+01  0.15 4	4
#FF7F60	0.598994974874372	-0.171089805792464	1e+01  0.15 4	4
#FF7F60	0.590954773869347	-0.178629107149913	1e+01  0.15 4	4
#FF7F60	0.590669029282725	-0.178894472361809	1e+01  0.15 4	4
#FF7F60	0.582914572864322	-0.186025957253571	1e+01  0.15 4	4
#FF7F60	0.581364573103799	-0.187437185929648	1e+01  0.15 4	4
#FF7F60	0.574874371859297	-0.193289964271575	1e+01  0.15 4	4
#FF7F60	0.571860874702786	-0.195979899497487	1e+01  0.15 4	4
#FF7F60	0.566834170854271	-0.200424851233733	1e+01  0.15 4	4
#FF7F60	0.56215179159635	-0.204522613065327	1e+01  0.15 4	4
#FF7F60	0.558793969849246	-0.207434162053849	1e+01  0.15 4	4
#FF7F60	0.552230902497905	-0.213065326633166	1e+01  0.15 4	4
#FF7F60	0.550753768844221	-0.214321270405357	1e+01  0.15 4	4
#FF7F60	0.542713567839196	-0.221085847165805	1e+01  0.15 4	4
#FF7F60	0.542086378784796	-0.221608040201005	1e+01  0.15 4	4
#FF7F60	0.534673366834171	-0.227725463288834	1e+01  0.15 4	4
#FF7F60	0.531701874323418	-0.230150753768844	1e+01  0.15 4	4
#FF7F60	0.526633165829146	-0.234251838354742	1e+01  0.15 4	4
#FF7F60	0.521081792608326	-0.238693467336683	1e+01  0.15 4	4
#FF7F60	0.518592964824121	-0.240667794834113	1e+01  0.15 4	4
#FF7F60	0.510552763819096	-0.246974349872114	1e+01  0.15 4	4
#FF7F60	0.510215300439878	-0.247236180904523	1e+01  0.15 4	4
#FF7F60	0.502512562814071	-0.253162735444718	1e+01  0.15 4	4
#FF7F60	0.499072330332449	-0.255778894472362	1e+01  0.15 4	4
#FF7F60	0.494472361809045	-0.259248359930206	1e+01  0.15 4	4
#FF7F60	0.487665642009162	-0.264321608040201	1e+01  0.15 4	4
#FF7F60	0.48643216080402	-0.265233576762307	1e+01  0.15 4	4
#FF7F60	0.478391959798995	-0.271110121727399	1e+01  0.15 4	4
#FF7F60	0.475963069563511	-0.27286432160804	1e+01  0.15 4	4
#FF7F60	0.47035175879397	-0.276885126500843	1e+01  0.15 4	4
#FF7F60	0.463962257361759	-0.281407035175879	1e+01  0.15 4	4
#FF7F60	0.462311557788945	-0.282566257297984	1e+01  0.15 4	4
#FF7F60	0.45427135678392	-0.288145109426314	1e+01  0.15 4	4
#FF7F60	0.451638044782001	-0.289949748743719	1e+01  0.15 4	4
#FF7F60	0.446231155778895	-0.293627280822324	1e+01  0.15 4	4
#FF7F60	0.438984636540975	-0.298492462311558	1e+01  0.15 4	4
#FF7F60	0.438190954773869	-0.299021396650782	1e+01  0.15 4	4
#FF7F60	0.430150753768844	-0.304314189195633	1e+01  0.15 4	4
#FF7F60	0.425962422652746	-0.307035175879397	1e+01  0.15 4	4
#FF7F60	0.422110552763819	-0.309519559696457	1e+01  0.15 4	4
#FF7F60	0.414070351758794	-0.314636980088519	1e+01  0.15 4	4
#FF7F60	0.412572764319091	-0.315577889447236	1e+01  0.15 4	4
#FF7F60	0.406030150753769	-0.319659616142807	1e+01  0.15 4	4
#FF7F60	0.398778891402494	-0.324120603015075	1e+01  0.15 4	4
#FF7F60	0.397989949748744	-0.324602619808031	1e+01  0.15 4	4
#FF7F60	0.389949748743719	-0.329450762277619	1e+01  0.15 4	4
#FF7F60	0.384545527665942	-0.332663316582915	1e+01  0.15 4	4
#FF7F60	0.381909547738694	-0.334219760242116	1e+01  0.15 4	4
#FF7F60	0.373869346733668	-0.338901748548555	1e+01  0.15 4	4
#FF7F60	0.369855113447674	-0.341206030150754	1e+01  0.15 4	4
#FF7F60	0.365829145728643	-0.343501918526999	1e+01  0.15 4	4
#FF7F60	0.357788944723618	-0.348020896222547	1e+01  0.15 4	4
#FF7F60	0.354669632008148	-0.349748743718593	1e+01  0.15 4	4
#FF7F60	0.349748743718593	-0.352457129761363	1e+01  0.15 4	4
#FF7F60	0.341708542713568	-0.356816113412699	1e+01  0.15 4	4
#FF7F60	0.338946346910178	-0.358291457286432	1e+01  0.15 4	4
#FF7F60	0.333668341708543	-0.361093028263974	1e+01  0.15 4	4
#FF7F60	0.325628140703518	-0.36529491050718	1e+01  0.15 4	4
#FF7F60	0.322637094644447	-0.366834170854271	1e+01  0.15 4	4
#FF7F60	0.317587939698493	-0.369416862487136	1e+01  0.15 4	4
#FF7F60	0.309547738693467	-0.373464415032219	1e+01  0.15 4	4
#FF7F60	0.305687446441357	-0.37537688442211	1e+01  0.15 4	4
#FF7F60	0.301507537688442	-0.377435509391665	1e+01  0.15 4	4
#FF7F60	0.293467336683417	-0.381331385979067	1e+01  0.15 4	4
#FF7F60	0.288035710088311	-0.38391959798995	1e+01  0.15 4	4
#FF7F60	0.285427135678392	-0.3851554883114	1e+01  0.15 4	4
#FF7F60	0.277386934673367	-0.388902227622724	1e+01  0.15 4	4
#FF7F60	0.269611734886511	-0.392462311557789	1e+01  0.15 4	4
#FF7F60	0.269346733668342	-0.392582974333325	1e+01  0.15 4	4
#FF7F60	0.261306532663317	-0.39618300285829	1e+01  0.15 4	4
#FF7F60	0.253266331658292	-0.399718246140579	1e+01  0.15 4	4
#FF7F60	0.250287321488748	-0.401005025125628	1e+01  0.15 4	4
#FF7F60	0.245226130653266	-0.403179446078995	1e+01  0.15 4	4
#FF7F60	0.237185929648241	-0.406570935121691	1e+01  0.15 4	4
#FF7F60	0.229993917778893	-0.409547738693467	1e+01  0.15 4	4
#FF7F60	0.229145728643216	-0.409896975618248	1e+01  0.15 4	4
#FF7F60	0.221105527638191	-0.413146889373198	1e+01  0.15 4	4
#FF7F60	0.213065326633166	-0.416333435177975	1e+01  0.15 4	4
#FF7F60	0.20854413461159	-0.418090452261307	1e+01  0.15 4	4
#FF7F60	0.205025125628141	-0.419451119721631	1e+01  0.15 4	4
#FF7F60	0.196984924623116	-0.422498730826294	1e+01  0.15 4	4
#FF7F60	0.188944723618091	-0.425483692629305	1e+01  0.15 4	4
#FF7F60	0.185783856310852	-0.426633165829146	1e+01  0.15 4	4
#FF7F60	0.180904522613065	-0.428398967580906	1e+01  0.15 4	4
#FF7F60	0.17286432160804	-0.431247461194	1e+01  0.15 4	4
#FF7F60	0.164824120603015	-0.434033964957447	1e+01  0.15 4	4
#FF7F60	0.161455802728186	-0.435175879396985	1e+01  0.15 4	4
#FF7F60	0.15678391959799	-0.436752331626653	1e+01  0.15 4	4
#FF7F60	0.148743718592965	-0.439404663452673	1e+01  0.15 4	4
#FF7F60	0.14070351758794	-0.441995605803359	1e+01  0.15 4	4
#FF7F60	0.135228297035935	-0.443718592964824	1e+01  0.15 4	4
#FF7F60	0.132663316582915	-0.444522140478217	1e+01  0.15 4	4
#FF7F60	0.12462311557789	-0.446981040812019	1e+01  0.15 4	4
#FF7F60	0.116582914572864	-0.449379093180683	1e+01  0.15 4	4
#FF7F60	0.108542713567839	-0.45171639484602	1e+01  0.15 4	4
#FF7F60	0.106618994392153	-0.452261306532663	1e+01  0.15 4	4
#FF7F60	0.100502512562814	-0.453986444669595	1e+01  0.15 4	4
#FF7F60	0.0924623115577889	-0.456194057626236	1e+01  0.15 4	4
#FF7F60	0.0844221105527638	-0.458341385448577	1e+01  0.15 4	4
#FF7F60	0.0763819095477387	-0.460428502364137	1e+01  0.15 4	4
#FF7F60	0.0748927935683031	-0.460804020100503	1e+01  0.15 4	4
#FF7F60	0.0683417085427136	-0.46244931028582	1e+01  0.15 4	4
#FF7F60	0.0603015075376885	-0.464408840239475	1e+01  0.15 4	4
#FF7F60	0.0522613065326634	-0.46630854900461	1e+01  0.15 4	4
#FF7F60	0.0442211055276383	-0.46814848740691	1e+01  0.15 4	4
#FF7F60	0.0388096807389708	-0.469346733668342	1e+01  0.15 4	4
#FF7F60	0.0361809045226131	-0.469926567883971	1e+01  0.15 4	4
#FF7F60	0.028140703517588	-0.471640775570195	1e+01  0.15 4	4
#FF7F60	0.0201005025125629	-0.473295527072725	1e+01  0.15 4	4
#FF7F60	0.0120603015075377	-0.474890849520373	1e+01  0.15 4	4
#FF7F60	0.00402010050251256	-0.476426764031473	1e+01  0.15 4	4
#FF7F60	-0.003944742401931	-0.477889447236181	1e+01  0.15 4	4
#FF7F60	-0.00402010050251256	-0.477903235775137	1e+01  0.15 4	4
#FF7F60	-0.0120603015075377	-0.479315254901312	1e+01  0.15 4	4
#FF7F60	-0.0201005025125628	-0.480668087353313	1e+01  0.15 4	4
#FF7F60	-0.0281407035175879	-0.481961730207155	1e+01  0.15 4	4
#FF7F60	-0.036180904522613	-0.483196174354894	1e+01  0.15 4	4
#FF7F60	-0.0442211055276381	-0.48437140445557	1e+01  0.15 4	4
#FF7F60	-0.0522613065326633	-0.485487398886926	1e+01  0.15 4	4
#FF7F60	-0.0594497402976185	-0.48643216080402	1e+01  0.15 4	4
#FF7F60	-0.0603015075376884	-0.486543730432839	1e+01  0.15 4	4
#FF7F60	-0.0683417085427135	-0.487537597529597	1e+01  0.15 4	4
#FF7F60	-0.0763819095477387	-0.488472321809023	1e+01  0.15 4	4
#FF7F60	-0.0844221105527638	-0.489347857182273	1e+01  0.15 4	4
#FF7F60	-0.0924623115577889	-0.490164151142113	1e+01  0.15 4	4
#FF7F60	-0.100502512562814	-0.490921144720447	1e+01  0.15 4	4
#FF7F60	-0.108542713567839	-0.491618772446723	1e+01  0.15 4	4
#FF7F60	-0.116582914572864	-0.492256962307215	1e+01  0.15 4	4
#FF7F60	-0.124623115577889	-0.492835635705205	1e+01  0.15 4	4
#FF7F60	-0.132663316582915	-0.493354707422068	1e+01  0.15 4	4
#FF7F60	-0.14070351758794	-0.493814085579277	1e+01  0.15 4	4
#FF7F60	-0.148743718592965	-0.494213671601337	1e+01  0.15 4	4
#FF7F60	-0.15678391959799	-0.494553360179652	1e+01  0.15 4	4
#FF7F60	-0.164824120603015	-0.494833039237347	1e+01  0.15 4	4
#FF7F60	-0.170019570297864	-0.494974874371859	1e+01  0.15 4	4
#FF7F60	-0.17286432160804	-0.495052309736152	1e+01  0.15 4	4
#FF7F60	-0.180904522613065	-0.495211029500215	1e+01  0.15 4	4
#FF7F60	-0.18894472361809	-0.49530957808448	1e+01  0.15 4	4
#FF7F60	-0.196984924623116	-0.495347818422875	1e+01  0.15 4	4
#FF7F60	-0.205025125628141	-0.495325606619144	1e+01  0.15 4	4
#FF7F60	-0.213065326633166	-0.495242791918059	1e+01  0.15 4	4
#FF7F60	-0.221105527638191	-0.495099216677623	1e+01  0.15 4	4
#FF7F60	-0.225996006912165	-0.494974874371859	1e+01  0.15 4	4
#FF7F60	-0.229145728643216	-0.494894419992327	1e+01  0.15 4	4
#FF7F60	-0.237185929648241	-0.494627836970003	1e+01  0.15 4	4
#FF7F60	-0.245226130653266	-0.494299744357676	1e+01  0.15 4	4
#FF7F60	-0.253266331658292	-0.493909953584715	1e+01  0.15 4	4
#FF7F60	-0.261306532663317	-0.4934582689668	1e+01  0.15 4	4
#FF7F60	-0.269346733668342	-0.492944487683716	1e+01  0.15 4	4
#FF7F60	-0.277386934673367	-0.492368399758172	1e+01  0.15 4	4
#FF7F60	-0.285427135678392	-0.491729788035649	1e+01  0.15 4	4
#FF7F60	-0.293467336683417	-0.491028428165287	1e+01  0.15 4	4
#FF7F60	-0.301507537688442	-0.490264088581792	1e+01  0.15 4	4
#FF7F60	-0.309547738693467	-0.489436530488393	1e+01  0.15 4	4
#FF7F60	-0.317587939698492	-0.488545507840818	1e+01  0.15 4	4
#FF7F60	-0.325628140703518	-0.487590767332305	1e+01  0.15 4	4
#FF7F60	-0.333668341708543	-0.48657204837965	1e+01  0.15 4	4
#FF7F60	-0.334708215408804	-0.48643216080402	1e+01  0.15 4	4
#FF7F60	-0.341708542713568	-0.485485330384248	1e+01  0.15 4	4
#FF7F60	-0.349748743718593	-0.484333246647836	1e+01  0.15 4	4
#FF7F60	-0.357788944723618	-0.483116064697798	1e+01  0.15 4	4
#FF7F60	-0.365829145728643	-0.481833490025414	1e+01  0.15 4	4
#FF7F60	-0.373869346733668	-0.48048522068179	1e+01  0.15 4	4
#FF7F60	-0.381909547738693	-0.479070947269842	1e+01  0.15 4	4
#FF7F60	-0.388327726528377	-0.477889447236181	1e+01  0.15 4	4
#FF7F60	-0.389949748743719	-0.477589105698402	1e+01  0.15 4	4
#FF7F60	-0.397989949748744	-0.476035384570713	1e+01  0.15 4	4
#FF7F60	-0.406030150753769	-0.474414354982918	1e+01  0.15 4	4
#FF7F60	-0.414070351758794	-0.47272567220333	1e+01  0.15 4	4
#FF7F60	-0.422110552763819	-0.470968983914679	1e+01  0.15 4	4
#FF7F60	-0.429258796308916	-0.469346733668342	1e+01  0.15 4	4
#FF7F60	-0.430150753768844	-0.469143047204546	1e+01  0.15 4	4
#FF7F60	-0.438190954773869	-0.467240979425921	1e+01  0.15 4	4
#FF7F60	-0.446231155778895	-0.465269435425857	1e+01  0.15 4	4
#FF7F60	-0.45427135678392	-0.463228026349433	1e+01  0.15 4	4
#FF7F60	-0.462311557788945	-0.461116355640334	1e+01  0.15 4	4
#FF7F60	-0.463464304607884	-0.460804020100503	1e+01  0.15 4	4
#FF7F60	-0.47035175879397	-0.458925518383287	1e+01  0.15 4	4
#FF7F60	-0.478391959798995	-0.456661786279426	1e+01  0.15 4	4
#FF7F60	-0.48643216080402	-0.454326147142703	1e+01  0.15 4	4
#FF7F60	-0.493328768201171	-0.452261306532663	1e+01  0.15 4	4
#FF7F60	-0.494472361809045	-0.451916551231559	1e+01  0.15 4	4
#FF7F60	-0.50251256281407	-0.4494240555125	1e+01  0.15 4	4
#FF7F60	-0.510552763819096	-0.446857885962455	1e+01  0.15 4	4
#FF7F60	-0.518592964824121	-0.444217577535212	1e+01  0.15 4	4
#FF7F60	-0.520073524251346	-0.443718592964824	1e+01  0.15 4	4
#FF7F60	-0.526633165829146	-0.441491812501091	1e+01  0.15 4	4
#FF7F60	-0.534673366834171	-0.438688048157762	1e+01  0.15 4	4
#FF7F60	-0.542713567839196	-0.435808220253883	1e+01  0.15 4	4
#FF7F60	-0.544436606514601	-0.435175879396985	1e+01  0.15 4	4
#FF7F60	-0.550753768844221	-0.43284005051121	1e+01  0.15 4	4
#FF7F60	-0.558793969849246	-0.429791098700221	1e+01  0.15 4	4
#FF7F60	-0.566834170854271	-0.426664026546394	1e+01  0.15 4	4
#FF7F60	-0.566911769776836	-0.426633165829146	1e+01  0.15 4	4
#FF7F60	-0.574874371859297	-0.423441652293424	1e+01  0.15 4	4
#FF7F60	-0.582914572864322	-0.420139364887249	1e+01  0.15 4	4
#FF7F60	-0.587789810120619	-0.418090452261307	1e+01  0.15 4	4
#FF7F60	-0.590954773869347	-0.416749557449299	1e+01  0.15 4	4
#FF7F60	-0.598994974874372	-0.413267256923132	1e+01  0.15 4	4
#FF7F60	-0.607035175879397	-0.409702901816195	1e+01  0.15 4	4
#FF7F60	-0.607378162793179	-0.409547738693467	1e+01  0.15 4	4
#FF7F60	-0.615075376884422	-0.406036382479389	1e+01  0.15 4	4
#FF7F60	-0.623115577889447	-0.402285118106252	1e+01  0.15 4	4
#FF7F60	-0.625803935262238	-0.401005025125628	1e+01  0.15 4	4
#FF7F60	-0.631155778894472	-0.398434638160073	1e+01  0.15 4	4
#FF7F60	-0.639195979899498	-0.394491019961376	1e+01  0.15 4	4
#FF7F60	-0.643249312054082	-0.392462311557789	1e+01  0.15 4	4
#FF7F60	-0.647236180904523	-0.390449089008443	1e+01  0.15 4	4
#FF7F60	-0.655276381909548	-0.386307369275629	1e+01  0.15 4	4
#FF7F60	-0.659820753227337	-0.38391959798995	1e+01  0.15 4	4
#FF7F60	-0.663316582914573	-0.382065916850321	1e+01  0.15 4	4
#FF7F60	-0.671356783919598	-0.377720029309294	1e+01  0.15 4	4
#FF7F60	-0.675609496067916	-0.37537688442211	1e+01  0.15 4	4
#FF7F60	-0.679396984924623	-0.373270365033119	1e+01  0.15 4	4
#FF7F60	-0.687437185929648	-0.368713908507878	1e+01  0.15 4	4
#FF7F60	-0.690694106704825	-0.366834170854271	1e+01  0.15 4	4
#FF7F60	-0.695477386934673	-0.364046679243712	1e+01  0.15 4	4
#FF7F60	-0.703517587939699	-0.359272900325507	1e+01  0.15 4	4
#FF7F60	-0.705142535506537	-0.358291457286432	1e+01  0.15 4	4
#FF7F60	-0.711557788944724	-0.35437804405527	1e+01  0.15 4	4
#FF7F60	-0.719006377516473	-0.349748743718593	1e+01  0.15 4	4
#FF7F60	-0.719597989949749	-0.349377301792134	1e+01  0.15 4	4
#FF7F60	-0.727638190954774	-0.344246514816262	1e+01  0.15 4	4
#FF7F60	-0.732318975103261	-0.341206030150754	1e+01  0.15 4	4
#FF7F60	-0.735678391959799	-0.339000960919779	1e+01  0.15 4	4
#FF7F60	-0.743718592964824	-0.333632944453619	1e+01  0.15 4	4
#FF7F60	-0.745147949779873	-0.332663316582915	1e+01  0.15 4	4
#FF7F60	-0.751758793969849	-0.328130385237857	1e+01  0.15 4	4
#FF7F60	-0.757507896383297	-0.324120603015075	1e+01  0.15 4	4
#FF7F60	-0.759798994974875	-0.322505041224075	1e+01  0.15 4	4
#FF7F60	-0.7678391959799	-0.31674423207971	1e+01  0.15 4	4
#FF7F60	-0.769442101753475	-0.315577889447236	1e+01  0.15 4	4
#FF7F60	-0.775879396984925	-0.310840839552083	1e+01  0.15 4	4
#FF7F60	-0.780968200802466	-0.307035175879397	1e+01  0.15 4	4
#FF7F60	-0.78391959798995	-0.304802459104316	1e+01  0.15 4	4
#FF7F60	-0.791959798994975	-0.298623506636446	1e+01  0.15 4	4
#FF7F60	-0.792127908121845	-0.298492462311558	1e+01  0.15 4	4
#FF7F60	-0.8	-0.292283206679381	1e+01  0.15 4	4
#FFA38B	0.8	-0.229418497617977	1e+01  0.2 5	5
#FFA38B	0.799327847063038	-0.230150753768844	1e+01  0.2 5	5
#FFA38B	0.791959798994975	-0.238102319195255	1e+01  0.2 5	5
#FFA38B	0.79140799207541	-0.238693467336683	1e+01  0.2 5	5
#FFA38B	0.78391959798995	-0.246641651740467	1e+01  0.2 5	5
#FFA38B	0.783355264280121	-0.247236180904523	1e+01  0.2 5	5
#FFA38B	0.775879396984925	-0.255040462270953	1e+01  0.2 5	5
#FFA38B	0.775166654257082	-0.255778894472362	1e+01  0.2 5	5
#FFA38B	0.7678391959799	-0.263302547921963	1e+01  0.2 5	5
#FFA38B	0.766839035546295	-0.264321608040201	1e+01  0.2 5	5
#FFA38B	0.759798994974875	-0.271431543576242	1e+01  0.2 5	5
#FFA38B	0.758369160183485	-0.27286432160804	1e+01  0.2 5	5
#FFA38B	0.751758793969849	-0.279430929094454	1e+01  0.2 5	5
#FFA38B	0.749753654037469	-0.281407035175879	1e+01  0.2 5	5
#FFA38B	0.743718592964824	-0.287304036171088	1e+01  0.2 5	5
#FFA38B	0.740989011938492	-0.289949748743719	1e+01  0.2 5	5
#FFA38B	0.735678391959799	-0.295054054838722	1e+01  0.2 5	5
#FFA38B	0.732071592586024	-0.298492462311558	1e+01  0.2 5	5
#FFA38B	0.727638190954774	-0.302684039641949	1e+01  0.2 5	5
#FFA38B	0.722997613223837	-0.307035175879397	1e+01  0.2 5	5
#FFA38B	0.719597989949749	-0.310196915500802	1e+01  0.2 5	5
#FFA38B	0.713763144069359	-0.315577889447236	1e+01  0.2 5	5
#FFA38B	0.711557788944724	-0.317595483282139	1e+01  0.2 5	5
#FFA38B	0.704364102483467	-0.324120603015075	1e+01  0.2 5	5
#FFA38B	0.703517587939699	-0.324882425096209	1e+01  0.2 5	5
#FFA38B	0.695477386934674	-0.332057174720116	1e+01  0.2 5	5
#FFA38B	0.694792316638193	-0.332663316582915	1e+01  0.2 5	5
#FFA38B	0.687437185929649	-0.339121039642086	1e+01  0.2 5	5
#FFA38B	0.685041173382181	-0.341206030150754	1e+01  0.2 5	5
#FFA38B	0.679396984924623	-0.346080459734428	1e+01  0.2 5	5
#FFA38B	0.675110799883549	-0.349748743718593	1e+01  0.2 5	5
#FFA38B	0.671356783919598	-0.352937727444253	1e+01  0.2 5	5
#FFA38B	0.664996343567324	-0.358291457286432	1e+01  0.2 5	5
#FFA38B	0.663316582914573	-0.359695037124487	1e+01  0.2 5	5
#FFA38B	0.655276381909548	-0.366352202882329	1e+01  0.2 5	5
#FFA38B	0.654689074908737	-0.366834170854271	1e+01  0.2 5	5
#FFA38B	0.647236180904523	-0.372906629381675	1e+01  0.2 5	5
#FFA38B	0.644175255509061	-0.37537688442211	1e+01  0.2 5	5
#FFA38B	0.639195979899498	-0.379367107119068	1e+01  0.2 5	5
#FFA38B	0.633459739703637	-0.38391959798995	1e+01  0.2 5	5
#FFA38B	0.631155778894472	-0.385735504674687	1e+01  0.2 5	5
#FFA38B	0.623115577889447	-0.392011609490631	1e+01  0.2 5	5
#FFA38B	0.622532815159139	-0.392462311557789	1e+01  0.2 5	5
#FFA38B	0.615075376884422	-0.398190920386824	1e+01  0.2 5	5
#FFA38B	0.611374875304616	-0.401005025125628	1e+01  0.2 5	5
#FFA38B	0.607035175879397	-0.404283371451413	1e+01  0.2 5	5
#FFA38B	0.599994867877744	-0.409547738693467	1e+01  0.2 5	5
#FFA38B	0.598994974874372	-0.410290547138893	1e+01  0.2 5	5
#FFA38B	0.590954773869347	-0.416206153853786	1e+01  0.2 5	5
#FFA38B	0.588367447199826	-0.418090452261307	1e+01  0.2 5	5
#FFA38B	0.582914572864322	-0.422036447750363	1e+01  0.2 5	5
#FFA38B	0.576494562942224	-0.426633165829146	1e+01  0.2 5	5
#FFA38B	0.574874371859297	-0.427785990862537	1e+01  0.2 5	5
#FFA38B	0.566834170854271	-0.433449293274591	1e+01  0.2 5	5
#FFA38B	0.564357132727822	-0.435175879396985	1e+01  0.2 5	5
#FFA38B	0.558793969849246	-0.439030001693883	1e+01  0.2 5	5
#FFA38B	0.551951037461094	-0.443718592964824	1e+01  0.2 5	5
#FFA38B	0.550753768844221	-0.444534031527075	1e+01  0.2 5	5
#FFA38B	0.542713567839196	-0.449953860470154	1e+01  0.2 5	5
#FFA38B	0.539252544132369	-0.452261306532663	1e+01  0.2 5	5
#FFA38B	0.534673366834171	-0.455296430194958	1e+01  0.2 5	5
#FFA38B	0.526633165829146	-0.460565099630314	1e+01  0.2 5	5
#FFA38B	0.526264726908625	-0.460804020100503	1e+01  0.2 5	5
#FFA38B	0.518592964824121	-0.465750622917317	1e+01  0.2 5	5
#FFA38B	0.512949493622707	-0.469346733668342	1e+01  0.2 5	5
#FFA38B	0.510552763819096	-0.470865461116123	1e+01  0.2 5	5
#FFA38B	0.502512562814071	-0.475903601777333	1e+01  0.2 5	5
#FFA38B	0.499306706261092	-0.477889447236181	1e+01  0.2 5	5
#FFA38B	0.494472361809045	-0.48086778741908	1e+01  0.2 5	5
#FFA38B	0.48643216080402	-0.485762053407227	1e+01  0.2 5	5
#FFA38B	0.485318851630672	-0.48643216080402	1e+01  0.2 5	5
#FFA38B	0.478391959798995	-0.490579440794081	1e+01  0.2 5	5
#FFA38B	0.470957548526774	-0.494974874371859	1e+01  0.2 5	5
#FFA38B	0.47035175879397	-0.495331179384543	1e+01  0.2 5	5
#FFA38B	0.462311557788945	-0.500006616417375	1e+01  0.2 5	5
#FFA38B	0.456196148033992	-0.503517587939698	1e+01  0.2 5	5
#FFA38B	0.45427135678392	-0.504617075767154	1e+01  0.2 5	5
#FFA38B	0.446231155778895	-0.509155229904506	1e+01  0.2 5	5
#FFA38B	0.441017758977773	-0.512060301507538	1e+01  0.2 5	5
#FFA38B	0.438190954773869	-0.513627762039655	1e+01  0.2 5	5
#FFA38B	0.430150753768844	-0.518030926004052	1e+01  0.2 5	5
#FFA38B	0.425392592371546	-0.520603015075377	1e+01  0.2 5	5
#FFA38B	0.422110552763819	-0.522368706745758	1e+01  0.2 5	5
#FFA38B	0.414070351758794	-0.526639087046009	1e+01  0.2 5	5
#FFA38B	0.409287683856116	-0.529145728643216	1e+01  0.2 5	5
#FFA38B	0.406030150753769	-0.530845122546428	1e+01  0.2 5	5
#FFA38B	0.397989949748744	-0.534984841156141	1e+01  0.2 5	5
#FFA38B	0.392666490434791	-0.537688442211055	1e+01  0.2 5	5
#FFA38B	0.389949748743719	-0.539061974223379	1e+01  0.2 5	5
#FFA38B	0.381909547738694	-0.543073070246863	1e+01  0.2 5	5
#FFA38B	0.375488424354856	-0.546231155778894	1e+01  0.2 5	5
#FFA38B	0.373869346733668	-0.54702398646824	1e+01  0.2 5	5
#FFA38B	0.365829145728643	-0.550908417794523	1e+01  0.2 5	5
#FFA38B	0.357788944723618	-0.554735545729318	1e+01  0.2 5	5
#FFA38B	0.357707331024747	-0.554773869346734	1e+01  0.2 5	5
#FFA38B	0.349748743718593	-0.558495296412249	1e+01  0.2 5	5
#FFA38B	0.341708542713568	-0.56219823519765	1e+01  0.2 5	5
#FFA38B	0.339245033391705	-0.563316582914573	1e+01  0.2 5	5
#FFA38B	0.333668341708543	-0.565837895226933	1e+01  0.2 5	5
#FFA38B	0.325628140703518	-0.569418421084467	1e+01  0.2 5	5
#FFA38B	0.320062378074612	-0.571859296482412	1e+01  0.2 5	5
#FFA38B	0.317587939698493	-0.572940187068284	1e+01  0.2 5	5
#FFA38B	0.309547738693467	-0.576400000081448	1e+01  0.2 5	5
#FFA38B	0.301507537688442	-0.579804420291973	1e+01  0.2 5	5
#FFA38B	0.300074428255284	-0.580402010050251	1e+01  0.2 5	5
#FFA38B	0.293467336683417	-0.583146661215707	1e+01  0.2 5	5
#FFA38B	0.285427135678392	-0.586432510902884	1e+01  0.2 5	5
#FFA38B	0.279177566696259	-0.58894472361809	1e+01  0.2 5	5
#FFA38B	0.277386934673367	-0.589661892674848	1e+01  0.2 5	5
#FFA38B	0.269346733668342	-0.592830700889062	1e+01  0.2 5	5
#FFA38B	0.261306532663317	-0.595945296798194	1e+01  0.2 5	5
#FFA38B	0.257257495450319	-0.59748743718593	1e+01  0.2 5	5
#FFA38B	0.253266331658292	-0.599002213184949	1e+01  0.2 5	5
#FFA38B	0.245226130653266	-0.602001686622919	1e+01  0.2 5	5
#FFA38B	0.237185929648241	-0.604947567182274	1e+01  0.2 5	5
#FFA38B	0.234178571208955	-0.606030150753769	1e+01  0.2 5	5
#FFA38B	0.229145728643216	-0.60783580094059	1e+01  0.2 5	5
#FFA38B	0.221105527638191	-0.61066835339393	1e+01  0.2 5	5
#FFA38B	0.213065326633166	-0.613447888003093	1e+01  0.2 5	5
#FFA38B	0.209749892822527	-0.614572864321608	1e+01  0.2 5	5
#FFA38B	0.205025125628141	-0.61617092835509	1e+01  0.2 5	5
#FFA38B	0.196984924623116	-0.618838806841767	1e+01  0.2 5	5
#FFA38B	0.188944723618091	-0.621454198118136	1e+01  0.2 5	5
#FFA38B	0.183734555532431	-0.623115577889447	1e+01  0.2 5	5
#FFA38B	0.180904522613065	-0.624015252540014	1e+01  0.2 5	5
#FFA38B	0.17286432160804	-0.626520539640462	1e+01  0.2 5	5
#FFA38B	0.164824120603015	-0.628973825819198	1e+01  0.2 5	5
#FFA38B	0.15678391959799	-0.631375227893834	1e+01  0.2 5	5
#FFA38B	0.155815927060469	-0.631658291457286	1e+01  0.2 5	5
#FFA38B	0.148743718592965	-0.633720448015332	1e+01  0.2 5	5
#FFA38B	0.14070351758794	-0.636013505499989	1e+01  0.2 5	5
#FFA38B	0.132663316582915	-0.638255107980343	1e+01  0.2 5	5
#FFA38B	0.125520615418965	-0.640201005025126	1e+01  0.2 5	5
#FFA38B	0.12462311557789	-0.640444848398128	1e+01  0.2 5	5
#FFA38B	0.116582914572864	-0.64257939445841	1e+01  0.2 5	5
#FFA38B	0.108542713567839	-0.644662870463551	1e+01  0.2 5	5
#FFA38B	0.100502512562814	-0.646695363122329	1e+01  0.2 5	5
#FFA38B	0.0924623115577889	-0.648676955022496	1e+01  0.2 5	5
#FFA38B	0.0921844236272047	-0.648743718592965	1e+01  0.2 5	5
#FFA38B	0.0844221105527638	-0.650603956444436	1e+01  0.2 5	5
#FFA38B	0.0763819095477387	-0.652480167554118	1e+01  0.2 5	5
#FFA38B	0.0683417085427136	-0.654305792435853	1e+01  0.2 5	5
#FFA38B	0.0603015075376885	-0.656080896136988	1e+01  0.2 5	5
#FFA38B	0.0546819877258695	-0.657286432160804	1e+01  0.2 5	5
#FFA38B	0.0522613065326634	-0.657804516981831	1e+01  0.2 5	5
#FFA38B	0.0442211055276383	-0.659475451669573	1e+01  0.2 5	5
#FFA38B	0.0361809045226131	-0.661096122623394	1e+01  0.2 5	5
#FFA38B	0.028140703517588	-0.662666577130339	1e+01  0.2 5	5
#FFA38B	0.0201005025125629	-0.664186858098647	1e+01  0.2 5	5
#FFA38B	0.0120603015075377	-0.665657004020157	1e+01  0.2 5	5
#FFA38B	0.0110858081635214	-0.665829145728643	1e+01  0.2 5	5
#FFA38B	0.00402010050251256	-0.667074642353855	1e+01  0.2 5	5
#FFA38B	-0.00402010050251256	-0.668441962995414	1e+01  0.2 5	5
#FFA38B	-0.0120603015075377	-0.669759322124089	1e+01  0.2 5	5
#FFA38B	-0.0201005025125628	-0.671026740121653	1e+01  0.2 5	5
#FFA38B	-0.0281407035175879	-0.672244232831	1e+01  0.2 5	5
#FFA38B	-0.036180904522613	-0.673411811522117	1e+01  0.2 5	5
#FFA38B	-0.0430872030063305	-0.674371859296482	1e+01  0.2 5	5
#FFA38B	-0.0442211055276381	-0.674529184402063	1e+01  0.2 5	5
#FFA38B	-0.0522613065326633	-0.675594922399523	1e+01  0.2 5	5
#FFA38B	-0.0603015075376884	-0.676610836197477	1e+01  0.2 5	5
#FFA38B	-0.0683417085427135	-0.677576918712425	1e+01  0.2 5	5
#FFA38B	-0.0763819095477387	-0.678493158186397	1e+01  0.2 5	5
#FFA38B	-0.0844221105527638	-0.679359538156758	1e+01  0.2 5	5
#FFA38B	-0.0924623115577889	-0.680176037426596	1e+01  0.2 5	5
#FFA38B	-0.100502512562814	-0.680942630035694	1e+01  0.2 5	5
#FFA38B	-0.108542713567839	-0.6816592852321	1e+01  0.2 5	5
#FFA38B	-0.116582914572864	-0.682325967444298	1e+01  0.2 5	5
#FFA38B	-0.124257328902965	-0.682914572864322	1e+01  0.2 5	5
#FFA38B	-0.124623115577889	-0.682942583221925	1e+01  0.2 5	5
#FFA38B	-0.132663316582915	-0.683508118603943	1e+01  0.2 5	5
#FFA38B	-0.14070351758794	-0.684023632655852	1e+01  0.2 5	5
#FFA38B	-0.148743718592965	-0.68448907113284	1e+01  0.2 5	5
#FFA38B	-0.15678391959799	-0.684904374904469	1e+01  0.2 5	5
#FFA38B	-0.164824120603015	-0.685269479930995	1e+01  0.2 5	5
#FFA38B	-0.17286432160804	-0.685584317240339	1e+01  0.2 5	5
#FFA38B	-0.180904522613065	-0.685848812905702	1e+01  0.2 5	5
#FFA38B	-0.18894472361809	-0.686062888023836	1e+01  0.2 5	5
#FFA38B	-0.196984924623116	-0.686226458693966	1e+01  0.2 5	5
#FFA38B	-0.205025125628141	-0.686339435997379	1e+01  0.2 5	5
#FFA38B	-0.213065326633166	-0.686401725977688	1e+01  0.2 5	5
#FFA38B	-0.221105527638191	-0.686413229621748	1e+01  0.2 5	5
#FFA38B	-0.229145728643216	-0.686373842841269	1e+01  0.2 5	5
#FFA38B	-0.237185929648241	-0.686283456455097	1e+01  0.2 5	5
#FFA38B	-0.245226130653266	-0.686141956172177	1e+01  0.2 5	5
#FFA38B	-0.253266331658292	-0.685949222575209	1e+01  0.2 5	5
#FFA38B	-0.261306532663317	-0.685705131104985	1e+01  0.2 5	5
#FFA38B	-0.269346733668342	-0.68540955204542	1e+01  0.2 5	5
#FFA38B	-0.277386934673367	-0.685062350509281	1e+01  0.2 5	5
#FFA38B	-0.285427135678392	-0.684663386424599	1e+01  0.2 5	5
#FFA38B	-0.293467336683417	-0.68421251452179	1e+01  0.2 5	5
#FFA38B	-0.301507537688442	-0.683709584321465	1e+01  0.2 5	5
#FFA38B	-0.309547738693467	-0.683154440122942	1e+01  0.2 5	5
#FFA38B	-0.312724303726532	-0.682914572864322	1e+01  0.2 5	5
#FFA38B	-0.317587939698492	-0.682546147693845	1e+01  0.2 5	5
#FFA38B	-0.325628140703518	-0.681884687923747	1e+01  0.2 5	5
#FFA38B	-0.333668341708543	-0.681170388924226	1e+01  0.2 5	5
#FFA38B	-0.341708542713568	-0.680403071526492	1e+01  0.2 5	5
#FFA38B	-0.349748743718593	-0.679582551223886	1e+01  0.2 5	5
#FFA38B	-0.357788944723618	-0.678708638164486	1e+01  0.2 5	5
#FFA38B	-0.365829145728643	-0.67778113714442	1e+01  0.2 5	5
#FFA38B	-0.373869346733668	-0.676799847601877	1e+01  0.2 5	5
#FFA38B	-0.381909547738693	-0.675764563611834	1e+01  0.2 5	5
#FFA38B	-0.389949748743719	-0.674675073881469	1e+01  0.2 5	5
#FFA38B	-0.392083131068806	-0.674371859296482	1e+01  0.2 5	5
#FFA38B	-0.397989949748744	-0.673529239666434	1e+01  0.2 5	5
#FFA38B	-0.406030150753769	-0.672327917029731	1e+01  0.2 5	5
#FFA38B	-0.414070351758794	-0.671071564831706	1e+01  0.2 5	5
#FFA38B	-0.422110552763819	-0.669759947034113	1e+01  0.2 5	5
#FFA38B	-0.430150753768844	-0.668392822147122	1e+01  0.2 5	5
#FFA38B	-0.438190954773869	-0.666969943228893	1e+01  0.2 5	5
#FFA38B	-0.444395344041937	-0.665829145728643	1e+01  0.2 5	5
#FFA38B	-0.446231155778895	-0.665490235295062	1e+01  0.2 5	5
#FFA38B	-0.45427135678392	-0.663951324854194	1e+01  0.2 5	5
#FFA38B	-0.462311557788945	-0.662355705104116	1e+01  0.2 5	5
#FFA38B	-0.47035175879397	-0.660703103564228	1e+01  0.2 5	5
#FFA38B	-0.478391959798995	-0.658993242237659	1e+01  0.2 5	5
#FFA38B	-0.48615697538434	-0.657286432160804	1e+01  0.2 5	5
#FFA38B	-0.48643216080402	-0.657225681673456	1e+01  0.2 5	5
#FFA38B	-0.494472361809045	-0.655395719900218	1e+01  0.2 5	5
#FFA38B	-0.50251256281407	-0.653507426127977	1e+01  0.2 5	5
#FFA38B	-0.510552763819096	-0.651560496158775	1e+01  0.2 5	5
#FFA38B	-0.518592964824121	-0.649554620230253	1e+01  0.2 5	5
#FFA38B	-0.521753750845778	-0.648743718592965	1e+01  0.2 5	5
#FFA38B	-0.526633165829146	-0.64748607120426	1e+01  0.2 5	5
#FFA38B	-0.534673366834171	-0.645355519853043	1e+01  0.2 5	5
#FFA38B	-0.542713567839196	-0.643164828628141	1e+01  0.2 5	5
#FFA38B	-0.550753768844221	-0.640913660955361	1e+01  0.2 5	5
#FFA38B	-0.553235657888576	-0.640201005025126	1e+01  0.2 5	5
#FFA38B	-0.558793969849246	-0.638597105445351	1e+01  0.2 5	5
#FFA38B	-0.566834170854271	-0.636217108599045	1e+01  0.2 5	5
#FFA38B	-0.574874371859297	-0.633775336748795	1e+01  0.2 5	5
#FFA38B	-0.581674606687226	-0.631658291457286	1e+01  0.2 5	5
#FFA38B	-0.582914572864322	-0.631270272517052	1e+01  0.2 5	5
#FFA38B	-0.590954773869347	-0.628696152044148	1e+01  0.2 5	5
#FFA38B	-0.598994974874372	-0.62605887192317	1e+01  0.2 5	5
#FFA38B	-0.607035175879397	-0.623358046054538	1e+01  0.2 5	5
#FFA38B	-0.607741783730108	-0.623115577889447	1e+01  0.2 5	5
#FFA38B	-0.615075376884422	-0.620585396131133	1e+01  0.2 5	5
#FFA38B	-0.623115577889447	-0.617747359128952	1e+01  0.2 5	5
#FFA38B	-0.631155778894472	-0.614844280288926	1e+01  0.2 5	5
#FFA38B	-0.631892516399887	-0.614572864321608	1e+01  0.2 5	5
#FFA38B	-0.639195979899498	-0.611866956496404	1e+01  0.2 5	5
#FFA38B	-0.647236180904523	-0.608822554880819	1e+01  0.2 5	5
#FFA38B	-0.654454754989861	-0.606030150753769	1e+01  0.2 5	5
#FFA38B	-0.655276381909548	-0.60571044777595	1e+01  0.2 5	5
#FFA38B	-0.663316582914573	-0.60252155735445	1e+01  0.2 5	5
#FFA38B	-0.671356783919598	-0.599264809164969	1e+01  0.2 5	5
#FFA38B	-0.67565976975283	-0.59748743718593	1e+01  0.2 5	5
#FFA38B	-0.679396984924623	-0.595934310214969	1e+01  0.2 5	5
#FFA38B	-0.687437185929648	-0.592528458289148	1e+01  0.2 5	5
#FFA38B	-0.695477386934673	-0.589052991690373	1e+01  0.2 5	5
#FFA38B	-0.695723547847375	-0.58894472361809	1e+01  0.2 5	5
#FFA38B	-0.703517587939699	-0.585494868534942	1e+01  0.2 5	5
#FFA38B	-0.711557788944724	-0.581865377477078	1e+01  0.2 5	5
#FFA38B	-0.714742235021541	-0.580402010050251	1e+01  0.2 5	5
#FFA38B	-0.719597989949749	-0.578155956451235	1e+01  0.2 5	5
#FFA38B	-0.727638190954774	-0.574368638818147	1e+01  0.2 5	5
#FFA38B	-0.732869938345178	-0.571859296482412	1e+01  0.2 5	5
#FFA38B	-0.735678391959799	-0.570503132255493	1e+01  0.2 5	5
#FFA38B	-0.743718592964824	-0.56655399521768	1e+01  0.2 5	5
#FFA38B	-0.75019156604665	-0.563316582914573	1e+01  0.2 5	5
#FFA38B	-0.751758793969849	-0.562527273456588	1e+01  0.2 5	5
#FFA38B	-0.759798994974875	-0.558412125485235	1e+01  0.2 5	5
#FFA38B	-0.766781343645723	-0.554773869346734	1e+01  0.2 5	5
#FFA38B	-0.7678391959799	-0.554218697012529	1e+01  0.2 5	5
#FFA38B	-0.775879396984925	-0.549933139522275	1e+01  0.2 5	5
#FFA38B	-0.782704390196761	-0.546231155778894	1e+01  0.2 5	5
#FFA38B	-0.78391959798995	-0.545567129917512	1e+01  0.2 5	5
#FFA38B	-0.791959798994975	-0.541106548512989	1e+01  0.2 5	5
#FFA38B	-0.798018023640399	-0.537688442211055	1e+01  0.2 5	5
#FFA38B	-0.8	-0.536561678103411	1e+01  0.2 5	5
#F7C5B7	0.462630677133207	-0.7	1e+01  0.25 6	6
#F7C5B7	0.47035175879397	-0.696095080688762	1e+01  0.25 6	6
#F7C5B7	0.478391959798995	-0.691976825480939	1e+01  0.25 6	6
#F7C5B7	0.479395093300802	-0.691457286432161	1e+01  0.25 6	6
#F7C5B7	0.48643216080402	-0.68779956698033	1e+01  0.25 6	6
#F7C5B7	0.494472361809045	-0.683568576833309	1e+01  0.25 6	6
#F7C5B7	0.495701709808632	-0.682914572864322	1e+01  0.25 6	6
#F7C5B7	0.502512562814071	-0.67927780220126	1e+01  0.25 6	6
#F7C5B7	0.510552763819096	-0.674932417014598	1e+01  0.25 6	6
#F7C5B7	0.511579004993578	-0.674371859296482	1e+01  0.25 6	6
#F7C5B7	0.518592964824121	-0.670526003523279	1e+01  0.25 6	6
#F7C5B7	0.526633165829146	-0.666064501460885	1e+01  0.25 6	6
#F7C5B7	0.527052983926525	-0.665829145728643	1e+01  0.25 6	6
#F7C5B7	0.534673366834171	-0.661540210504408	1e+01  0.25 6	6
#F7C5B7	0.542142902241755	-0.657286432160804	1e+01  0.25 6	6
#F7C5B7	0.542713567839196	-0.65696013671227	1e+01  0.25 6	6
#F7C5B7	0.550753768844221	-0.652316280131625	1e+01  0.25 6	6
#F7C5B7	0.556869337174067	-0.648743718592965	1e+01  0.25 6	6
#F7C5B7	0.558793969849246	-0.647614729651955	1e+01  0.25 6	6
#F7C5B7	0.566834170854271	-0.642849881756954	1e+01  0.25 6	6
#F7C5B7	0.571256099435519	-0.640201005025126	1e+01  0.25 6	6
#F7C5B7	0.574874371859297	-0.638024291018725	1e+01  0.25 6	6
#F7C5B7	0.582914572864322	-0.633136491922509	1e+01  0.25 6	6
#F7C5B7	0.585321838858771	-0.631658291457286	1e+01  0.25 6	6
#F7C5B7	0.590954773869347	-0.628184166111532	1e+01  0.25 6	6
#F7C5B7	0.598994974874372	-0.623171389069676	1e+01  0.25 6	6
#F7C5B7	0.599083668903025	-0.623115577889447	1e+01  0.25 6	6
#F7C5B7	0.607035175879397	-0.618089497759546	1e+01  0.25 6	6
#F7C5B7	0.612539992552451	-0.614572864321608	1e+01  0.25 6	6
#F7C5B7	0.615075376884422	-0.612945735709653	1e+01  0.25 6	6
#F7C5B7	0.623115577889447	-0.6077352207875	1e+01  0.25 6	6
#F7C5B7	0.625721302535055	-0.606030150753769	1e+01  0.25 6	6
#F7C5B7	0.631155778894472	-0.602457278821869	1e+01  0.25 6	6
#F7C5B7	0.638638108046979	-0.59748743718593	1e+01  0.25 6	6
#F7C5B7	0.639195979899498	-0.597115107535292	1e+01  0.25 6	6
#F7C5B7	0.647236180904523	-0.591700721578399	1e+01  0.25 6	6
#F7C5B7	0.651288648984212	-0.58894472361809	1e+01  0.25 6	6
#F7C5B7	0.655276381909548	-0.586219353283896	1e+01  0.25 6	6
#F7C5B7	0.663316582914573	-0.580670412380611	1e+01  0.25 6	6
#F7C5B7	0.663702144099343	-0.580402010050251	1e+01  0.25 6	6
#F7C5B7	0.671356783919598	-0.57504637656603	1e+01  0.25 6	6
#F7C5B7	0.675868190908359	-0.571859296482412	1e+01  0.25 6	6
#F7C5B7	0.679396984924623	-0.56935351746819	1e+01  0.25 6	6
#F7C5B7	0.687437185929649	-0.563590132988596	1e+01  0.25 6	6
#F7C5B7	0.687815610754237	-0.563316582914573	1e+01  0.25 6	6
#F7C5B7	0.695477386934674	-0.557748885738884	1e+01  0.25 6	6
#F7C5B7	0.699533353392594	-0.554773869346734	1e+01  0.25 6	6
#F7C5B7	0.703517587939699	-0.551835733430374	1e+01  0.25 6	6
#F7C5B7	0.711047973393885	-0.546231155778894	1e+01  0.25 6	6
#F7C5B7	0.711557788944724	-0.545849638546692	1e+01  0.25 6	6
#F7C5B7	0.719597989949749	-0.539783047493452	1e+01  0.25 6	6
#F7C5B7	0.722349591275033	-0.537688442211055	1e+01  0.25 6	6
#F7C5B7	0.727638190954774	-0.533640008970538	1e+01  0.25 6	6
#F7C5B7	0.733457294068878	-0.529145728643216	1e+01  0.25 6	6
#F7C5B7	0.735678391959799	-0.527420504629173	1e+01  0.25 6	6
#F7C5B7	0.743718592964824	-0.521121634236797	1e+01  0.25 6	6
#F7C5B7	0.744375324959242	-0.520603015075377	1e+01  0.25 6	6
#F7C5B7	0.751758793969849	-0.514738269372502	1e+01  0.25 6	6
#F7C5B7	0.755101483086588	-0.512060301507538	1e+01  0.25 6	6
#F7C5B7	0.759798994974875	-0.508274565218642	1e+01  0.25 6	6
#F7C5B7	0.765651956245653	-0.503517587939698	1e+01  0.25 6	6
#F7C5B7	0.7678391959799	-0.501729165808161	1e+01  0.25 6	6
#F7C5B7	0.775879396984925	-0.495100220091231	1e+01  0.25 6	6
#F7C5B7	0.776030284965546	-0.494974874371859	1e+01  0.25 6	6
#F7C5B7	0.78391959798995	-0.488380590444776	1e+01  0.25 6	6
#F7C5B7	0.786231747877528	-0.48643216080402	1e+01  0.25 6	6
#F7C5B7	0.791959798994975	-0.481574859860035	1e+01  0.25 6	6
#F7C5B7	0.796271058180751	-0.477889447236181	1e+01  0.25 6	6
#F7C5B7	0.8	-0.47468145619294	1e+01  0.25 6	6
#E5E5E5	0.793961471631289	-0.7	1e+01  0.3 7	7
#E5E5E5	0.8	-0.695594211485004	1e+01  0.3 7	7
